Start,End,Period,Start Value,End Value,Total Return [%],Benchmark Return [%],Max Gross Exposure [%],Total Fees Paid,Max Drawdown [%],Max Drawdown Duration,Total Trades,Total Closed Trades,Total Open Trades,Open Trade PnL,Win Rate [%],Best Trade [%],Worst Trade [%],Avg Winning Trade [%],Avg Losing Trade [%],Avg Winning Trade Duration,Avg Losing Trade Duration,Profit Factor,Expectancy,Sharpe Ratio,Calmar Ratio,Omega Ratio,Sortino Ratio,body_threshold
2024-09-01 01:00:00+02:00,2025-07-22 18:30:00+02:00,324 days 17:45:00,10000.0,10000.0,0.0,48.557944832635336,0.0,0.0,,,0,0,0,0.0,,,,,,,,,,inf,,inf,inf,0.0001
2024-09-01 01:00:00+02:00,2025-07-22 18:30:00+02:00,324 days 17:45:00,10000.0,10000.0,0.0,48.557944832635336,0.0,0.0,,,0,0,0,0.0,,,,,,,,,,inf,,inf,inf,0.0002
2024-09-01 01:00:00+02:00,2025-07-22 18:30:00+02:00,324 days 17:45:00,10000.0,10191.068291341127,1.910682913411281,48.557944832635336,7.503530541074389,1.1912605508929912,1.8032372021134973,217 days 21:45:00,1,1,0,0.0,100.0,38.25187192649384,38.25187192649384,38.25187192649384,,78 days 22:45:00,,inf,191.0682913411281,1.0563763633474823,1.1923524086772201,1.0335592579488377,1.4951774224382408,0.00030000000000000003
2024-09-01 01:00:00+02:00,2025-07-22 18:30:00+02:00,324 days 17:45:00,10000.0,10208.543531998477,2.0854353199847764,48.557944832635336,7.503530541074389,2.227861132525651,1.8032372021134973,217 days 21:45:00,2,2,0,0.0,100.0,38.25187192649384,3.432950383203617,20.842411154848726,,41 days 10:37:30,,inf,104.27176599923881,1.1442611363783393,1.301544991762829,1.0356680852372855,1.6201290657665077,0.0004
2024-09-01 01:00:00+02:00,2025-07-22 18:30:00+02:00,324 days 17:45:00,10000.0,10078.650138724903,0.7865013872490324,48.557944832635336,6.343939427825088,4.084668842815352,1.5245660055074484,217 days 21:45:00,4,4,0,0.0,75.0,15.40391701665035,-5.761214421419983,7.172457245813106,-5.761214421419983,27 days 11:45:00,13 days 03:30:00,3.7294078310920384,19.66253468122582,0.5181962419741023,0.5801256897415185,1.0149786552786435,0.7273490430547743,0.0005
2024-09-01 01:00:00+02:00,2025-07-22 18:30:00+02:00,324 days 17:45:00,10000.0,10366.612035964918,3.6661203596491783,48.557944832635336,8.058217171402257,6.419077164262194,1.9365386609197093,205 days 03:00:00,6,6,0,0.0,83.33333333333334,49.351272697366134,-5.359941130257815,15.633413667065026,-5.359941130257815,20 days 06:39:00,12 days 15:45:00,14.666531773404477,61.102005994152975,1.7445045767217195,2.132620936874678,1.047630828042581,2.4853320805657084,0.0006000000000000001
2024-09-01 01:00:00+02:00,2025-07-22 18:30:00+02:00,324 days 17:45:00,10000.0,10043.28009348738,0.43280093487378624,48.557944832635336,8.058217171402255,9.049097193790832,3.1800524402431254,217 days 21:45:00,9,9,0,0.0,55.55555555555556,49.351272697366134,-40.01731203822445,12.153056831441726,-12.771994707028044,19 days 16:21:00,18 days 23:00:00,1.1668345005883958,4.808899276375399,0.19279181921895963,0.15301284750892358,1.0043018668735937,0.26948285545260997,0.0007000000000000001
2024-09-01 01:00:00+02:00,2025-07-22 18:30:00+02:00,324 days 17:45:00,10000.0,10284.748530762878,2.847485307628773,48.557944832635336,8.04614140654567,10.351518909352349,1.0895619278682374,227 days 20:30:00,10,10,0,0.0,60.0,55.7912253414279,-5.751120754157647,11.161571773804495,-2.4944208220854596,12 days 03:27:29.999999999,4 days 02:11:15,6.668635009770005,28.474853076287726,1.6377929146835064,2.942570218416611,1.0508373043200814,2.3439223906074838,0.0008
2024-09-01 01:00:00+02:00,2025-07-22 18:30:00+02:00,324 days 17:45:00,10000.0,10428.544685817222,4.285446858172214,48.557944832635336,8.046141406545672,14.562746312488986,1.0895619278682298,152 days 19:15:00,14,14,0,0.0,57.14285714285714,55.79122534142793,-5.751120754157647,12.35766891781666,-2.2895757662630074,8 days 22:22:30,2 days 20:19:59.999999999,7.154444983585955,30.6103347012301,2.209200180303605,4.432409581073851,1.0690337814222393,3.1498291208585316,0.0009000000000000001
2024-09-01 01:00:00+02:00,2025-07-22 18:30:00+02:00,324 days 17:45:00,10000.0,10248.411777326708,2.4841177732670765,48.557944832635336,7.933754729888785,20.40803071207155,2.1028125327257894,155 days 02:15:00,20,20,0,0.0,35.0,58.766529754791144,-28.5805597880149,15.141752559406848,-4.257399775784664,10 days 17:51:25.714285714,5 days 02:11:32.307692307,1.8835763357284023,12.420588866335395,1.049735746185032,1.3298195618423405,1.0257968775936392,1.4745995288732805,0.001
2024-09-01 01:00:00+02:00,2025-07-22 18:30:00+02:00,324 days 17:45:00,10000.0,10262.010740440035,2.6201074044003567,48.557944832635336,6.731840603672974,30.682870916441832,1.0751010402265968,137 days 08:30:00,30,30,0,0.0,53.333333333333336,32.962135300363926,-11.589993939146845,4.9208560262435554,-1.8968190784998025,5 days 00:53:26.250000,1 days 20:42:51.428571428,2.9386820499699797,8.733691348001187,1.555939206536346,2.7436387111766734,1.0427698966749346,2.23696782893678,0.0011
2024-09-01 01:00:00+02:00,2025-07-22 18:30:00+02:00,324 days 17:45:00,10000.0,10116.037824302244,1.1603782430224385,48.557944832635336,6.731840603672974,37.412014426522994,1.7220863411360157,217 days 21:45:00,37,37,0,0.0,48.64864864864865,34.74682278710651,-11.589993939146824,4.861839543134449,-3.363535243119299,4 days 06:15:00,2 days 18:21:18.947368421,1.3596604999715134,3.13615741357415,0.6208392873225131,0.75790280780954,1.0155369847611455,0.8799186092206766,0.0012000000000000001
2024-09-01 01:00:00+02:00,2025-07-22 18:30:00+02:00,324 days 17:45:00,10000.0,10085.543098157345,0.855430981573441,48.557944832635336,6.3342556339051646,54.34096651189068,1.1233585056659996,137 days 08:30:00,54,54,0,0.0,48.148148148148145,26.244138311727895,-11.589993939146822,3.292599384859591,-2.4351490298943044,2 days 22:58:16.153846153,2 days 05:30:00,1.2497435757256452,1.5841314473582182,0.4659646622934369,0.8563551084515779,1.0109890678404894,0.654432161072944,0.0013000000000000002
2024-09-01 01:00:00+02:00,2025-07-22 18:30:00+02:00,324 days 17:45:00,10000.0,10064.792937591945,0.6479293759194422,48.557944832635336,6.365621150525874,64.88540892978689,2.3331455127612375,227 days 20:30:00,65,65,0,0.0,46.15384615384615,26.244138311727884,-12.603721824832064,3.3731613535938587,-2.506397462163232,2 days 15:15:00,1 days 22:15:00,1.1479050926111436,0.9968144244914514,0.33180936553252904,0.31226085744585436,1.0076670509758678,0.4657898327275375,0.0014000000000000002
2024-09-01 01:00:00+02:00,2025-07-22 18:30:00+02:00,324 days 17:45:00,10000.0,10041.012086288036,0.41012086288035565,48.557944832635336,6.365621150525874,81.59403288857258,2.4163577129246625,234 days 10:30:00,82,82,0,0.0,45.1219512195122,24.16430991205454,-12.603721824832064,2.889485597173009,-2.1837468761873446,1 days 21:20:40.540540540,1 days 15:04:20,1.08382602708473,0.5001473937565271,0.218159423157703,0.19081764656123543,1.0051007278955326,0.30671473822163436,0.0015
2024-09-01 01:00:00+02:00,2025-07-22 18:30:00+02:00,324 days 17:45:00,10000.0,9765.717383207393,-2.342826167926064,48.557944832635336,5.819277181743936,86.08124540910275,3.579362530730734,322 days 19:45:00,88,88,0,0.0,36.36363636363637,15.073090951911,-12.333697148259134,2.195606299754984,-2.0961824728876834,1 days 10:32:20.625000,1 days 06:36:57.857142857,0.5939483353600623,-2.6623024635523453,-1.3315512094270427,-0.7346093726051149,0.9658797438897088,-1.846749482321233,0.0016
2024-09-01 01:00:00+02:00,2025-07-22 18:30:00+02:00,324 days 17:45:00,10000.0,9798.912349177588,-2.0108765082241233,48.557944832635336,5.819277181743934,96.086782560212,3.306976831867095,322 days 19:45:00,98,98,0,0.0,40.816326530612244,15.073090951910975,-12.274352865446337,1.9933499509636323,-2.069941505624678,1 days 09:11:15,1 days 04:01:48.620689655,0.6599165042789658,-2.051914804310329,-1.0942391388568997,-0.6826010893149834,0.9723953693239765,-1.5159595187799082,0.0017000000000000001
2024-09-01 01:00:00+02:00,2025-07-22 18:30:00+02:00,324 days 17:45:00,10000.0,9769.774115000972,-2.3022588499902885,48.557944832635336,5.846064347964723,115.59244124706545,3.654910097767611,322 days 19:45:00,118,118,0,0.0,43.22033898305085,15.636171173405996,-11.388244480804124,1.7992729629743347,-2.0603607043081182,1 days 02:10:00,1 days 01:51:16.119402985,0.6608911482756608,-1.9510668220256653,-1.2351197804129739,-0.7069856952871829,0.9694751693000943,-1.7139992258143246,0.0018000000000000002
2024-09-01 01:00:00+02:00,2025-07-22 18:30:00+02:00,324 days 17:45:00,10000.0,9666.019085600135,-3.3398091439986413,48.557944832635336,5.846064347964721,128.40224115175826,4.7819294496344344,323 days 06:15:00,132,132,0,0.0,40.15151515151515,15.636171173406026,-12.346694673161847,1.7394078544312626,-2.023266334773852,0 days 17:38:12.452830188,1 days 03:48:47.848101265,0.5725696906963482,-2.5301584424232146,-1.6939265506996366,-0.7833703651905194,0.9577002331036611,-2.384027812366147,0.0019000000000000002
2024-09-01 01:00:00+02:00,2025-07-22 18:30:00+02:00,324 days 17:45:00,10000.0,9608.314065300881,-3.91685934699119,48.557944832635336,5.846064347964722,134.1232790171905,5.421533636320582,321 days 00:15:00,138,138,0,0.0,39.85507246376812,15.5821028230615,-12.018256888531809,1.7796127632807635,-2.1381174421295612,0 days 16:08:43.636363636,1 days 05:45:32.530120481,0.547841734712662,-2.8383038746312983,-1.9322789917166414,-0.8100379819789321,0.9538303106525293,-2.7018223627892373,0.002
2024-09-01 01:00:00+02:00,2025-07-22 18:30:00+02:00,324 days 17:45:00,10000.0,9501.468362534279,-4.985316374657208,48.557944832635336,5.846064347964721,148.27357209394305,6.044554321507512,321 days 00:15:00,153,153,0,0.0,41.17647058823529,15.582102823061492,-13.038372068741394,1.485784465538939,-2.1729639984041333,0 days 14:57:08.571428571,1 days 02:10:20,0.47588061445844176,-3.258376715462229,-2.4097456496930723,-0.9241060425929857,0.9415446908594683,-3.322660842666482,0.0021
2024-09-01 01:00:00+02:00,2025-07-22 18:30:00+02:00,324 days 17:45:00,10000.0,9575.46890214135,-4.245310978586498,48.557944832635336,5.846064347964721,151.7611220419529,5.3683121572073595,323 days 20:30:00,156,156,0,0.0,42.30769230769231,15.582102823061488,-13.792414915410223,1.620127206136199,-2.1480964838672034,0 days 15:31:35.454545454,1 days 01:30:00,0.5504213506622624,-2.7213531914016014,-2.024661625250658,-0.8864831485095257,0.9508693660330767,-2.804244717741741,0.0022
2024-09-01 01:00:00+02:00,2025-07-22 18:30:00+02:00,324 days 17:45:00,10000.0,9588.44630039243,-4.115536996075702,48.557944832635336,5.816141880694554,157.61293102905523,5.402500980081555,251 days 00:30:00,162,162,0,0.0,43.82716049382716,14.953431707668166,-20.439367700406347,1.5540578863194314,-2.131741910462397,0 days 14:24:55.774647887,1 days 01:48:07.912087912,0.565889846554297,-2.5404549358491955,-1.9546711848575702,-0.8540165808016859,0.9530398242336936,-2.695167354191934,0.0023
2024-09-01 01:00:00+02:00,2025-07-22 18:30:00+02:00,324 days 17:45:00,10000.0,9696.325041961423,-3.036749580385774,48.557944832635336,5.816141880694553,162.69946260745303,5.010026281020624,322 days 11:15:00,167,167,0,0.0,40.119760479041915,14.953431707668141,-12.41566996055492,1.8363985996624188,-1.8436697671012077,0 days 15:13:52.835820895,0 days 22:05:15,0.6631180275932427,-1.8184129223866896,-1.466133971800481,-0.6799875128706326,0.9636227239618397,-2.030954766322068,0.0024
2024-09-01 01:00:00+02:00,2025-07-22 18:30:00+02:00,324 days 17:45:00,10000.0,9651.788808191046,-3.4821119180895415,48.557944832635336,5.404197617510902,167.49780984190332,5.3338122297898085,323 days 20:30:00,172,172,0,0.0,39.53488372093023,8.125446746140582,-12.629580815472266,1.8106204051996047,-1.862367570815599,0 days 16:09:02.647058823,0 days 21:18:01.730769230,0.6320149446811278,-2.0244836733078735,-1.6733041056554518,-0.7321742997265855,0.9589957635952175,-2.314667269156485,0.0025
2024-09-01 01:00:00+02:00,2025-07-22 18:30:00+02:00,324 days 17:45:00,10000.0,9713.334651051411,-2.8666534894858873,48.557944832635336,5.690821561991838,178.1384900997701,4.470695704918216,322 days 13:45:00,182,182,0,0.0,41.208791208791204,10.451533004580133,-15.53179157965903,1.7901884420205152,-1.7953264491306034,0 days 15:18:36,0 days 17:56:12.897196261,0.6957007744096205,-1.5750843348823529,-1.4034988724920545,-0.719413751837677,0.9636886490569078,-1.9610280378032323,0.0026
2024-09-01 01:00:00+02:00,2025-07-22 18:30:00+02:00,324 days 17:45:00,10000.0,9669.137252692048,-3.3086274730795195,48.557944832635336,5.690821561991838,187.2139859950111,4.74315565724617,322 days 13:45:00,192,192,0,0.0,40.625,10.45153300458013,-15.531791579659037,1.6846764325240577,-1.7401383931768228,0 days 13:49:25.384615384,0 days 17:40:55.263157894,0.6587555260662238,-1.7232434755622514,-1.6074787696100419,-0.7824160070047216,0.9590274842339321,-2.239832027042029,0.0027
2024-09-01 01:00:00+02:00,2025-07-22 18:30:00+02:00,324 days 17:45:00,10000.0,9612.220173176122,-3.8777982682387773,48.557944832635336,5.690821561991836,187.75340207662026,5.071277152260391,322 days 13:45:00,193,193,0,0.0,39.89637305699482,10.45153300458013,-12.415669960554917,1.6470852869270431,-1.7730096377120967,0 days 14:34:40.519480519,0 days 18:00:38.793103448,0.6135339231165955,-2.0092219006418555,-1.8668518289346356,-0.8573698709341495,0.9536416561067192,-2.5991175174177195,0.0028
2024-09-01 01:00:00+02:00,2025-07-22 18:30:00+02:00,324 days 17:45:00,10000.0,9751.896782435855,-2.4810321756414395,48.557944832635336,5.954100971985537,188.2775811527941,4.007397011025096,322 days 13:45:00,192,192,0,0.0,42.70833333333333,15.88987899954954,-12.415669960554917,1.8437460720700238,-1.8281274888547658,0 days 15:35:40.243902439,0 days 18:22:38.181818181,0.7486383342310506,-1.2922042581465871,-1.1758015312524381,-0.6947912108238079,0.9709349859721792,-1.658345567578032,0.0029
2024-09-01 01:00:00+02:00,2025-07-22 18:30:00+02:00,324 days 17:45:00,10000.0,9603.29146862231,-3.967085313776894,48.557944832635336,5.95410097198554,190.7794107828345,4.92979399131964,322 days 13:45:00,196,196,0,0.0,40.816326530612244,15.889878999549541,-12.415669960554917,1.6673237379349675,-1.845092566115557,0 days 14:20:48.750000,0 days 18:45:07.758620689,0.6200072798620628,-2.0240231192739233,-1.858522148170465,-0.9022324774509645,0.9546263194093015,-2.5998734947209035,0.003
2024-09-01 01:00:00+02:00,2025-07-22 18:30:00+02:00,324 days 17:45:00,10000.0,9590.804128101543,-4.091958718984568,48.557944832635336,5.954100971985538,183.76983651868233,5.307316697714795,322 days 13:45:00,189,189,0,0.0,42.857142857142854,15.889878999549524,-17.07481848842623,1.7183097002180743,-2.058798304449723,0 days 15:37:35.555555555,0 days 18:54:01.666666666,0.6226173030538388,-2.165057523272257,-1.944108571265911,-0.8643654678754833,0.9524963370480928,-2.717531081468338,0.0031
2024-09-01 01:00:00+02:00,2025-07-22 18:30:00+02:00,324 days 17:45:00,10000.0,9636.082727009258,-3.6391727299074224,48.557944832635336,5.690821561991838,186.75239225323782,5.09081457719838,322 days 13:45:00,192,192,0,0.0,44.79166666666667,10.451533004580137,-12.150924912481,1.5900558412933137,-1.9866892317918945,0 days 14:21:06.279069767,0 days 19:36:47.547169811,0.6457699764321339,-1.8954024634934488,-1.6980226616867158,-0.8016440745603772,0.9583703998699584,-2.3673822546346606,0.0032
2024-09-01 01:00:00+02:00,2025-07-22 18:30:00+02:00,324 days 17:45:00,10000.0,9744.849954208092,-2.5515004579190768,48.557944832635336,6.514634412905086,193.00909786397392,4.898003004039074,322 days 13:45:00,197,197,0,0.0,45.68527918781726,31.463902595931266,-9.739489866038141,1.7254483579354385,-1.9295352235911605,0 days 14:09:40,0 days 18:56:21.308411214,0.7479545359051334,-1.295177897420852,-1.179356924844192,-0.5845768431453842,0.9706601917705338,-1.6495551620204294,0.0033
2024-09-01 01:00:00+02:00,2025-07-22 18:30:00+02:00,324 days 17:45:00,10000.0,9548.376333163893,-4.5162366683610635,48.557944832635336,5.6908215619918385,188.41397983031544,5.607964899637154,322 days 13:45:00,194,194,0,0.0,44.329896907216494,10.45153300458014,-15.531791579659023,1.5620508127343562,-2.0967873199117455,0 days 12:12:33.488372093,0 days 20:28:45,0.5908080584513529,-2.327957045546946,-2.1527626118888863,-0.9025994689645327,0.946875023458522,-2.9714204478659916,0.0034
2024-09-01 01:00:00+02:00,2025-07-22 18:30:00+02:00,324 days 17:45:00,10000.0,9577.993114112653,-4.220068858873468,48.557944832635336,5.690821561991836,195.27786588805242,5.3689385267415854,322 days 13:45:00,201,201,0,0.0,44.776119402985074,10.451533004580135,-15.531791579659036,1.6234683603754758,-2.090268538906918,0 days 12:41:00,0 days 20:04:19.459459459,0.6270848087470922,-2.099536745708194,-1.984898794103901,-0.8811235930191071,0.9517469579866887,-2.7499103762494372,0.0035
2024-09-01 01:00:00+02:00,2025-07-22 18:30:00+02:00,324 days 17:45:00,10000.0,9558.754215413412,-4.412457845865876,48.557944832635336,5.6707280009591665,191.60531495948447,5.276461790947687,322 days 13:45:00,197,197,0,0.0,44.67005076142132,13.052406241321467,-15.53179157965903,1.6176634416532185,-2.130942287411864,0 days 12:19:36.136363636,0 days 20:01:55.596330275,0.6106607171077966,-2.2398263176984052,-2.0883750568414636,-0.937325022902939,0.9485184784766508,-2.8903319512719574,0.0036
2024-09-01 01:00:00+02:00,2025-07-22 18:30:00+02:00,324 days 17:45:00,10000.0,9575.892601481613,-4.241073985183866,48.557944832635336,5.748224782668251,187.92845223709986,4.933650972279429,322 days 13:45:00,193,193,0,0.0,45.59585492227979,15.930128076140292,-15.53179157965903,1.6729827349433612,-2.2240001330890204,0 days 12:39:02.045454545,0 days 20:53:42.857142857,0.6282487859609042,-2.197447660717029,-2.0078142408727944,-0.9636233968386749,0.9506328181517908,-2.783266587150919,0.0037
2024-09-01 01:00:00+02:00,2025-07-22 18:30:00+02:00,324 days 17:45:00,10000.0,9590.02807937859,-4.099719206214113,48.557944832635336,5.748224782668251,188.99275206564894,4.826933156855557,322 days 13:45:00,194,194,0,0.0,45.36082474226804,15.9301280761403,-10.735111870141498,1.7296722737313186,-2.2224689215627693,0 days 14:02:33.409090909,0 days 19:54:20.377358490,0.6439682944997336,-2.113257322790785,-1.9301528891150137,-0.9521861265297292,0.9527382371024836,-2.6808024373875576,0.0038
2024-09-01 01:00:00+02:00,2025-07-22 18:30:00+02:00,324 days 17:45:00,10000.0,9657.801090022327,-3.4219890997767197,48.557944832635336,5.7415684804017495,185.5188000162973,4.320020219483122,322 days 13:45:00,190,190,0,0.0,45.78947368421053,11.497406764812592,-10.7351118701415,1.780069480100184,-2.1764650242602794,0 days 15:17:35.172413793,0 days 19:30:43.689320388,0.6883258363041993,-1.8010468946193314,-1.601101948856334,-0.8884211239568152,0.9607475911504784,-2.2239894941257807,0.0039
2024-09-01 01:00:00+02:00,2025-07-22 18:30:00+02:00,324 days 17:45:00,10000.0,9654.82986013883,-3.451701398611691,48.557944832635336,5.741568480401753,189.4597468027804,4.499231846151269,322 days 13:45:00,194,194,0,0.0,47.93814432989691,11.497406764812599,-11.660786330496551,1.6661892458581562,-2.2264437155064316,0 days 14:44:11.612903225,0 days 19:17:58.217821782,0.6866492775820604,-1.7792275250575798,-1.6131695372139692,-0.8604243616032224,0.9602060153253015,-2.2364496603576622,0.004
2024-09-01 01:00:00+02:00,2025-07-22 18:30:00+02:00,324 days 17:45:00,10000.0,9645.725128072772,-3.542748719272268,48.557944832635336,5.74156848040175,187.04363348739344,4.055351641485594,322 days 13:45:00,191,191,0,0.0,48.167539267015705,11.497406764812597,-11.660786330496554,1.5021643764206345,-2.1217121807305266,0 days 13:15:58.695652173,0 days 18:42:25.454545454,0.656636824120772,-1.854842261399099,-1.7770791140132196,-0.9797259356442235,0.9551280479825984,-2.5001417189729143,0.0041
2024-09-01 01:00:00+02:00,2025-07-22 18:30:00+02:00,324 days 17:45:00,10000.0,9668.511523742009,-3.3148847625799145,48.557944832635336,5.74156848040175,183.46453222234447,4.028517652766932,322 days 13:45:00,187,187,0,0.0,48.663101604278076,11.497406764812599,-11.660786330496563,1.5121064181865957,-2.1326605657563666,0 days 13:23:24.395604395,0 days 19:24:13.124999999,0.6707959666826665,-1.7726656484384566,-1.6570244441871094,-0.9229510651331372,0.958191175988844,-2.337996671013945,0.004200000000000001
2024-09-01 01:00:00+02:00,2025-07-22 18:30:00+02:00,324 days 17:45:00,10000.0,9681.938491958044,-3.180615080419566,48.557944832635336,5.7415684804017495,186.80088584657017,4.040811263473047,228 days 01:15:00,190,190,0,0.0,50.526315789473685,11.497406764812599,-11.66078633049656,1.526778113600854,-2.243536448262963,0 days 14:13:54.375000,0 days 18:51:51.702127659,0.6938282252708359,-1.6740079370629295,-1.6096407298316435,-0.8829477063329721,0.9598747182812043,-2.250572218341052,0.004300000000000001
2024-09-01 01:00:00+02:00,2025-07-22 18:30:00+02:00,324 days 17:45:00,10000.0,9700.656476856813,-2.993435231431867,48.557944832635336,5.741568480401753,187.83850977631903,4.057645641531718,324 days 00:45:00,191,191,0,0.0,48.69109947643979,11.49740676481261,-12.866501581614534,1.5526234964356016,-2.090471893553401,0 days 14:36:46.451612903,0 days 18:16:04.285714285,0.703292249715396,-1.567243576665898,-1.5352252309212429,-0.8276364387025718,0.9621163191952339,-2.1632369652790224,0.0044
2024-09-01 01:00:00+02:00,2025-07-22 18:30:00+02:00,324 days 17:45:00,10000.0,9679.162789420569,-3.2083721057943095,48.557944832635336,5.74156848040175,185.3701616590572,4.2483429466638185,324 days 00:45:00,189,189,0,0.0,49.2063492063492,11.49740676481258,-12.866501581614544,1.5279527924019514,-2.156275308246278,0 days 14:15:38.709677419,0 days 19:05:46.875000,0.6845926725175372,-1.69755137872715,-1.6392603901623515,-0.8471298178311332,0.9595344706762354,-2.29967291165599,0.0045000000000000005
2024-09-01 01:00:00+02:00,2025-07-22 18:30:00+02:00,324 days 17:45:00,10000.0,9700.735905542728,-2.9926409445727233,48.557944832635336,5.741568480401751,179.46502960012378,3.960965792742617,324 days 00:45:00,183,183,0,0.0,48.63387978142077,11.497406764812606,-12.866501581614532,1.5942295294379558,-2.152576908052905,0 days 13:54:36.404494382,0 days 19:34:18.510638297,0.6989949547163125,-1.635322920531542,-1.530961558160242,-0.8476129712743925,0.961614506173279,-2.152413801208193,0.004600000000000001
2024-09-01 01:00:00+02:00,2025-07-22 18:30:00+02:00,324 days 17:45:00,10000.0,9737.516491460374,-2.6248350853962585,48.557944832635336,5.74156848040175,177.7409370594473,3.6411500873991676,324 days 00:45:00,181,181,0,0.0,48.61878453038674,11.497406764812608,-15.531791579659032,1.6002619583037003,-2.082788792734751,0 days 13:01:42.272727272,0 days 20:41:56.129032258,0.7245417009307068,-1.4501851300531792,-1.3070365948499665,-0.8089252033196903,0.9669692745498095,-1.843841897930906,0.0047
2024-09-01 01:00:00+02:00,2025-07-22 18:30:00+02:00,324 days 17:45:00,10000.0,9793.532061050446,-2.064679389495543,48.557944832635336,5.680155308176967,179.24340634794757,3.3618520870899977,288 days 02:00:00,182,182,0,0.0,49.45054945054945,10.23184889818545,-16.03369912387141,1.6516465147154757,-2.0656370757442617,0 days 13:06:30,0 days 21:11:44.347826086,0.7797927165151393,-1.1344392249975472,-1.0218030273162373,-0.689401258006808,0.9743969097850704,-1.4428627977272828,0.0048000000000000004
2024-09-01 01:00:00+02:00,2025-07-22 18:30:00+02:00,324 days 17:45:00,10000.0,9683.101797569205,-3.1689820243079545,48.557944832635336,5.680155308176968,182.16880565877372,4.119852810787403,288 days 02:00:00,186,186,0,0.0,49.46236559139785,10.231848898185461,-16.033699123871404,1.4789072599490711,-2.1294077082112515,0 days 13:11:05.217391304,0 days 20:18:30.638297872,0.6776811292378897,-1.7037537765096578,-1.6212859368609371,-0.8628468300355039,0.9600246382663505,-2.25180888086029,0.004900000000000001
2024-09-01 01:00:00+02:00,2025-07-22 18:30:00+02:00,324 days 17:45:00,10000.0,9726.384633063146,-2.736153669368546,48.557944832635336,5.680155308176967,178.9115209360863,3.653713038341265,288 days 02:00:00,182,182,0,0.0,51.098901098901095,10.231848898185463,-11.769969932200773,1.4813850146003953,-2.1684296173351885,0 days 13:13:32.903225806,0 days 20:06:44.494382022,0.7122568368728592,-1.5033811370156864,-1.4062449643519457,-0.8402731321722506,0.9647625708405589,-1.958611018648658,0.005
2024-09-01 01:00:00+02:00,2025-07-22 18:30:00+02:00,324 days 17:45:00,10000.0,9692.314627225895,-3.076853727741053,48.557944832635336,5.680155308176968,174.6989933756516,3.8591377132028537,288 days 02:00:00,178,178,0,0.0,52.24719101123596,10.231848898185477,-11.769969932200762,1.457308387890461,-2.326531460426228,0 days 14:47:54.193548387,0 days 20:39:10.588235294,0.6837303300460532,-1.72856950996688,-1.5191617150852044,-0.8944118009381766,0.9619738014598082,-2.0819991520214036,0.0051
2024-09-01 01:00:00+02:00,2025-07-22 18:30:00+02:00,324 days 17:45:00,10000.0,9745.172607708373,-2.5482739229162736,48.557944832635336,5.68015530817697,177.8191918233647,3.423540449400827,288 days 02:00:00,181,181,0,0.0,54.69613259668509,10.231848898185458,-11.769969932200778,1.4630711038803437,-2.3922996295150103,0 days 14:38:47.272727272,0 days 20:36:35.121951219,0.7362311242002698,-1.4078861452576081,-1.2555993413598023,-0.8352885610346982,0.968561335887394,-1.7256866002566973,0.005200000000000001
2024-09-01 01:00:00+02:00,2025-07-22 18:30:00+02:00,324 days 17:45:00,10000.0,9787.623301683925,-2.1237669831607433,48.557944832635336,5.680155308176968,175.67608244269758,3.14627855545331,324 days 00:45:00,179,179,0,0.0,53.63128491620112,10.23184889818545,-10.055453673572929,1.476595850441307,-2.2217406530721866,0 days 14:36:33.750000,0 days 19:43:33.253012048,0.7657784935802584,-1.1864620017657725,-1.064350137340526,-0.7576901119563484,0.972988042997083,-1.4664220363766165,0.005300000000000001
2024-09-01 01:00:00+02:00,2025-07-22 18:30:00+02:00,324 days 17:45:00,10000.0,9772.734116451455,-2.27265883548546,48.557944832635336,5.680155308176966,176.61349671768411,3.3898589161156316,300 days 18:30:00,180,180,0,0.0,53.333333333333336,10.231848898185467,-10.055453673572936,1.5102971090379482,-2.269869188485086,0 days 14:48:54.375000,0 days 18:44:17.142857142,0.7575150627085881,-1.262588241936363,-1.1642378158974105,-0.7524781349592246,0.9703754974699532,-1.601627873045741,0.0054
2024-09-01 01:00:00+02:00,2025-07-22 18:30:00+02:00,324 days 17:45:00,10000.0,9755.320329339673,-2.44679670660328,48.557944832635336,5.680155308176968,173.56902045341565,3.4952523537747138,300 days 18:30:00,177,177,0,0.0,50.847457627118644,10.231848898185467,-10.055453673572927,1.6157374192757368,-2.237352454633954,0 days 14:59:50,0 days 17:28:26.896551724,0.7440858108948246,-1.3823710206798179,-1.2573367465707057,-0.7856208588647966,0.9673662054707697,-1.7330042146270106,0.0055000000000000005
2024-09-01 01:00:00+02:00,2025-07-22 18:30:00+02:00,324 days 17:45:00,10000.0,9798.773234897328,-2.0122676510267223,48.557944832635336,5.680155308176968,170.26609375162752,3.1047592259856414,288 days 02:00:00,173,173,0,0.0,51.445086705202314,10.231848898185456,-10.055453673572929,1.686296013414416,-2.266831585819785,0 days 14:50:03.370786516,0 days 17:41:15,0.7855540867640458,-1.1631604919229588,-1.0364450745800287,-0.727562268871231,0.9727034147584492,-1.430948081545253,0.005600000000000001
2024-09-01 01:00:00+02:00,2025-07-22 18:30:00+02:00,324 days 17:45:00,10000.0,9805.542594325787,-1.9445740567421397,48.557944832635336,5.680155308176968,167.72033858707297,3.0835075543626376,288 days 02:00:00,170,170,0,0.0,52.352941176470594,10.231848898185456,-16.88498248094434,1.648880344085877,-2.292192036983956,0 days 14:28:49.213483146,0 days 16:57:35.555555555,0.7879436162678722,-1.143867092201261,-1.0235212211923361,-0.7079625425666851,0.9724888927454074,-1.4177745550431726,0.0057
2024-09-01 01:00:00+02:00,2025-07-22 18:30:00+02:00,324 days 17:45:00,10000.0,9760.990254885053,-2.390097451149467,48.557944832635336,5.473819775964308,165.35762272905401,3.64875889318407,226 days 21:00:00,168,168,0,0.0,53.57142857142857,7.903962727213841,-16.88498248094435,1.546179000680865,-2.4000231952775812,0 days 14:53:10,0 days 17:42:18.461538461,0.7410098761402341,-1.4226770542556375,-1.2902343306695052,-0.7351561667235187,0.9666840701617057,-1.7264097860634093,0.0058000000000000005
2024-09-01 01:00:00+02:00,2025-07-22 18:30:00+02:00,324 days 17:45:00,10000.0,9813.19667544095,-1.8680332455905013,48.557944832635336,5.4738197759643095,162.5196363215689,3.2529188458034244,288 days 02:00:00,165,165,0,0.0,55.757575757575765,7.903962727213836,-16.884982480944345,1.4517282327393206,-2.341819734440738,0 days 13:38:18.913043478,0 days 19:21:22.191780821,0.7784791076450173,-1.132141360963936,-1.042108736472956,-0.6447079794069281,0.9727535085867212,-1.3985866887810185,0.005900000000000001
2024-09-01 01:00:00+02:00,2025-07-22 18:30:00+02:00,324 days 17:45:00,10000.0,9739.777123195827,-2.6022287680417304,48.557944832635336,5.473819775964305,163.5792773864592,4.093185153901118,288 days 02:00:00,167,167,0,0.0,52.09580838323353,7.903962727213844,-16.88498248094435,1.4486882372302898,-2.230833919765305,0 days 14:12:14.482758620,0 days 19:32:37.500000,0.7028908369742051,-1.5582208191866687,-1.3946060193366288,-0.7134034401293291,0.9642687781119204,-1.8684489468449572,0.006
2024-09-01 01:00:00+02:00,2025-07-22 18:30:00+02:00,324 days 17:45:00,10000.0,9739.32623695245,-2.6067376304755028,48.557944832635336,5.473819775964308,167.67958062638118,4.134484141840529,288 days 02:00:00,171,171,0,0.0,53.80116959064327,7.903962727213861,-16.88498248094435,1.4599547688351544,-2.3643144769046605,0 days 14:26:15,0 days 20:01:31.139240506,0.7159045944182612,-1.5244079710383094,-1.3588841492310775,-0.7074990678141814,0.9657150156479387,-1.8275825634810046,0.0061
2024-09-01 01:00:00+02:00,2025-07-22 18:30:00+02:00,324 days 17:45:00,10000.0,9723.814437110052,-2.7618556288994887,48.557944832635336,5.473819775964311,160.8592267641851,4.392498803583911,288 days 02:00:00,164,164,0,0.0,53.65853658536586,7.9039627272138455,-16.88498248094435,1.4954687661471733,-2.463800734741394,0 days 14:04:36.136363636,0 days 21:55:27.631578947,0.6999937413080745,-1.6840583103045645,-1.4205299398689069,-0.7054994891090828,0.9639642015493497,-1.900697493568275,0.006200000000000001
2024-09-01 01:00:00+02:00,2025-07-22 18:30:00+02:00,324 days 17:45:00,10000.0,9706.852323980313,-2.9314767601968725,48.557944832635336,5.473819775964309,161.7230858281639,4.698594722203301,288 days 02:00:00,165,165,0,0.0,53.333333333333336,9.211479821633404,-16.884982480944345,1.5111745320948295,-2.4948977246439337,0 days 15:12:57.272727272,0 days 20:23:34.285714285,0.6892233034669121,-1.7766525819374936,-1.4841698459554784,-0.6999698433786002,0.962459570413786,-1.9830526767673677,0.006300000000000001
2024-09-01 01:00:00+02:00,2025-07-22 18:30:00+02:00,324 days 17:45:00,10000.0,9645.827036416766,-3.5417296358323433,48.557944832635336,5.473819775964308,164.4366314643141,5.167867572203277,288 days 02:00:00,168,168,0,0.0,53.57142857142857,9.211479821633418,-16.88498248094435,1.4351993599634323,-2.575607278382498,0 days 14:46:00,0 days 21:08:27.692307692,0.6401717398353544,-2.1081724022811623,-1.7735202890615611,-0.7685941655773375,0.9557296843197601,-2.3704082448592856,0.0064
2024-09-01 01:00:00+02:00,2025-07-22 18:30:00+02:00,324 days 17:45:00,10000.0,9633.417881056763,-3.665821189432367,48.557944832635336,5.47381977596431,154.4345505309461,5.195937736020239,288 days 02:00:00,158,158,0,0.0,53.16455696202531,9.211479821633423,-16.884982480944338,1.510768706150953,-2.71904724447014,0 days 15:23:23.571428571,0 days 21:50:40.540540540,0.6278094511074963,-2.320139993311631,-1.8679834760309972,-0.7911633985126085,0.9528617935172953,-2.49074386700447,0.006500000000000001
2024-09-01 01:00:00+02:00,2025-07-22 18:30:00+02:00,324 days 17:45:00,10000.0,9639.637693435689,-3.6036230656431174,48.557944832635336,5.473819775964309,152.5269850047737,5.295116225954241,288 days 02:00:00,156,156,0,0.0,53.205128205128204,9.543495065394811,-16.88498248094433,1.6750810255954665,-2.9042076993973693,0 days 16:48:36.867469879,0 days 21:27:44.383561643,0.6528822099274959,-2.3100147856686624,-1.8363072143217583,-0.7632026288561141,0.9540501977623628,-2.44580522456395,0.006600000000000001
2024-09-01 01:00:00+02:00,2025-07-22 18:30:00+02:00,324 days 17:45:00,10000.0,9666.17326226653,-3.338267377334702,48.557944832635336,5.473819775964314,156.59419645918038,5.113611696468616,218 days 12:30:00,160,160,0,0.0,54.37499999999999,9.211479821633406,-16.884982480944345,1.6752758636173541,-2.920913554103986,0 days 17:13:16.551724137,0 days 20:12:19.726027397,0.6805735968094168,-2.0864171108341907,-1.6966994497131753,-0.7322214534926282,0.9575510368838634,-2.2639861937392816,0.0067
2024-09-01 01:00:00+02:00,2025-07-22 18:30:00+02:00,324 days 17:45:00,10000.0,9541.19990230473,-4.588000976952702,48.557944832635336,5.473819775964311,152.75152948485274,5.91193097198584,288 days 02:00:00,157,157,0,0.0,52.22929936305732,7.903962727213855,-16.88498248094434,1.5928376368914792,-2.9886824727971444,0 days 17:20:29.268292682,0 days 20:50:48,0.5804168190381604,-2.9222936158934356,-2.3231991347200815,-0.8697569492615358,0.942246285427082,-3.067785896377817,0.0068000000000000005
2024-09-01 01:00:00+02:00,2025-07-22 18:30:00+02:00,324 days 17:45:00,10000.0,9555.900619021468,-4.440993809785327,48.557944832635336,5.519092176812874,145.24123167785538,5.790477948028363,288 days 02:00:00,149,149,0,0.0,51.67785234899329,7.476524544149332,-16.884982480944345,1.6322271272084847,-3.002393034305806,0 days 17:57:51.428571428,0 days 22:53:07.500000,0.579445003884776,-2.9805327582451877,-2.210358934261393,-0.8596274711957839,0.9455607374657682,-2.921434137858581,0.006900000000000001
2024-09-01 01:00:00+02:00,2025-07-22 18:30:00+02:00,324 days 17:45:00,10000.0,9443.957940011187,-5.560420599888129,48.557944832635336,5.519092176812874,138.42178441407614,6.779520399632756,294 days 09:45:00,143,143,0,0.0,51.048951048951054,7.476524544149356,-16.88498248094434,1.681062839880246,-3.382051365639142,0 days 18:58:46.027397260,0 days 23:40:17.142857142,0.5165916255368864,-3.8884060139077876,-2.8316402795070954,-0.9186323425029653,0.931092160719616,-3.715536835106348,0.007000000000000001
2024-09-01 01:00:00+02:00,2025-07-22 18:30:00+02:00,324 days 17:45:00,10000.0,9486.759796025997,-5.132402039740034,48.557944832635336,5.519092176812875,137.2032353848421,6.46669832715258,294 days 09:45:00,141,141,0,0.0,53.90070921985816,7.476524544149337,-16.88498248094436,1.6746716592501165,-3.5724784775046197,0 days 18:32:45.789473684,1 days 02:03:55.384615384,0.5460601088732833,-3.6400014466241393,-2.6208930946705324,-0.8891816607976518,0.9364943794677317,-3.4436548186151446,0.0071
2024-09-01 01:00:00+02:00,2025-07-22 18:30:00+02:00,324 days 17:45:00,10000.0,9438.30020890386,-5.6169979109613974,48.557944832635336,5.519092176812879,131.79430836270618,6.776166182880024,321 days 18:45:00,136,136,0,0.0,52.94117647058824,7.47652454414933,-16.884982480944345,1.6698737137731094,-3.6783006260662248,0 days 19:09:10,1 days 04:56:57.187500,0.5083044552848973,-4.130145522765736,-2.8349414336052083,-0.9284049969319058,0.932600488091708,-3.716226374493934,0.007200000000000001
2024-09-01 01:00:00+02:00,2025-07-22 18:30:00+02:00,324 days 17:45:00,10000.0,9467.29729487649,-5.327027051235108,48.557944832635336,5.519092176812875,131.26567195617093,6.631739970064121,321 days 18:45:00,135,135,0,0.0,53.333333333333336,7.476524544149335,-16.884982480944338,1.7528821629833686,-3.73391602216228,0 days 19:05:37.500000,1 days 04:28:20,0.5347254597857685,-3.9459459638778585,-2.681905618018855,-0.8998199266714362,0.9355175266694632,-3.5220097366079326,0.007300000000000001
2024-09-01 01:00:00+02:00,2025-07-22 18:30:00+02:00,324 days 17:45:00,10000.0,9530.848869554235,-4.691511304457652,48.557944832635336,5.519092176812874,133.88544187606317,5.92962835269092,321 days 18:45:00,137,137,0,0.0,55.47445255474452,7.476524544149349,-16.884982480944345,1.7413438207316945,-3.737393215095958,0 days 21:02:22.105263157,1 days 03:07:07.868852459,0.5790907845131198,-3.4244608061734656,-2.3541829754149584,-0.8866665449756322,0.9438980638356993,-3.1006856612795413,0.0074
2024-09-01 01:00:00+02:00,2025-07-22 18:30:00+02:00,324 days 17:45:00,10000.0,9570.526125872399,-4.294738741276018,48.557944832635336,5.519092176812874,137.97610358429324,5.4414922397247425,321 days 18:45:00,141,141,0,0.0,56.02836879432624,7.476524544149337,-16.884982480944338,1.7953175573306956,-3.695982006086948,0 days 21:48:25.063291139,1 days 02:18:23.225806451,0.6174458197795045,-3.0459140009049808,-2.1118069124360996,-0.8847158076464827,0.9504032120523781,-2.7850695068750957,0.007500000000000001
2024-09-01 01:00:00+02:00,2025-07-22 18:30:00+02:00,324 days 17:45:00,10000.0,9616.348240830752,-3.8365175916924876,48.557944832635336,5.519092176812873,133.54251997623928,5.110427869199601,217 days 18:30:00,136,136,0,0.0,55.14705882352941,7.476524544149328,-16.884982480944352,1.8732182830923376,-3.5782940524716764,0 days 21:13:00,1 days 02:49:25.573770491,0.6422952129027921,-2.8209688174209466,-1.9169329671525126,-0.8417665827686742,0.954130990074593,-2.5417455267019404,0.007600000000000001
2024-09-01 01:00:00+02:00,2025-07-22 18:30:00+02:00,324 days 17:45:00,10000.0,9641.045623508153,-3.58954376491848,48.557944832635336,5.519092176812875,133.51926534206618,4.884429412242841,321 days 18:45:00,136,136,0,0.0,55.14705882352941,10.826416113705658,-16.884982480944334,1.917848502979982,-3.5487932500434756,0 days 23:05:48,1 days 02:44:15.737704918,0.6624213104759262,-2.639370415381234,-1.7672273685704647,-0.8241481584739219,0.9585192457674266,-2.3463077195237196,0.0077
2024-09-01 01:00:00+02:00,2025-07-22 18:30:00+02:00,324 days 17:45:00,10000.0,9678.959320789916,-3.210406792100848,48.557944832635336,5.519092176812874,125.59674267952407,4.519564748836231,321 days 18:45:00,128,128,0,0.0,55.46875,10.826416113705658,-16.884982480944345,1.9621949350966919,-3.5807343968732606,0 days 23:38:01.690140845,1 days 03:16:50.526315789,0.6798220237800312,-2.5081303063287868,-1.6165091048716542,-0.7967970143656125,0.9612940895194522,-2.1500472860883386,0.0078000000000000005
2024-09-01 01:00:00+02:00,2025-07-22 18:30:00+02:00,324 days 17:45:00,10000.0,9688.08257882724,-3.1191742117276062,48.557944832635336,5.519092176812867,122.83772349365994,4.53443574549015,190 days 16:00:00,125,125,0,0.0,56.00000000000001,10.826416113705664,-16.884982480944345,1.840989482604368,-3.4876741394107644,0 days 23:42:38.571428571,1 days 04:09:00,0.6692383196531494,-2.4953393693820827,-1.5674033223608344,-0.7716594865565191,0.962312354890517,-2.0842475612043505,0.0079
2024-09-01 01:00:00+02:00,2025-07-22 18:30:00+02:00,324 days 17:45:00,10000.0,9676.129886238168,-3.2387011376183112,48.557944832635336,5.5190921768128725,116.55468175217688,4.611926631904635,321 days 18:45:00,119,119,0,0.0,57.14285714285714,10.826416113705658,-16.884982480944355,1.8723563949295103,-3.7791841250705693,1 days 00:12:07.941176470,1 days 05:52:56.470588235,0.6573683887895856,-2.7215975946372346,-1.6397249629041457,-0.787707443751155,0.9603046697989199,-2.1776934460269164,0.008
2024-09-01 01:00:00+02:00,2025-07-22 18:30:00+02:00,324 days 17:45:00,10000.0,9670.475869234066,-3.2952413076593365,48.557944832635336,5.519092176812873,117.37318476333306,4.667664390197745,321 days 18:45:00,120,120,0,0.0,56.666666666666664,10.82641611370566,-16.884982480944338,1.8043496475385217,-3.6404569607894093,1 days 00:01:19.411764705,1 days 05:38:04.615384615,0.6447697775098953,-2.7460344230494496,-1.6610969719305344,-0.7918602010306389,0.959779920362905,-2.204474030463225,0.0081
2024-09-01 01:00:00+02:00,2025-07-22 18:30:00+02:00,324 days 17:45:00,10000.0,9662.594680702043,-3.3740531929795647,48.557944832635336,5.519092176812874,114.28681603956713,4.8077862881453335,321 days 18:45:00,117,117,0,0.0,58.119658119658126,10.826416113705648,-16.88498248094434,1.8050696502683816,-3.897545685638873,1 days 00:32:12.352941176,1 days 04:26:37.959183673,0.6391770817958513,-2.883806147845779,-1.7218631488881013,-0.7871291570000281,0.9576776390295602,-2.284707089903519,0.008199999999999999
2024-09-01 01:00:00+02:00,2025-07-22 18:30:00+02:00,324 days 17:45:00,10000.0,9611.598465199342,-3.88401534800657,48.557944832635336,5.519092176812873,115.23420809344071,5.29559418541585,321 days 18:45:00,118,118,0,0.0,58.47457627118644,10.826416113705646,-16.884982480944345,1.6751246368953179,-3.9675480277162474,0 days 23:16:57.391304347,1 days 04:27:14.693877551,0.5915131142774442,-3.2915384305140414,-1.9654926773861072,-0.8223654863906001,0.9513749467933569,-2.6013741047695818,0.0083
2024-09-01 01:00:00+02:00,2025-07-22 18:30:00+02:00,324 days 17:45:00,10000.0,9612.129607623174,-3.8787039237682603,48.557944832635336,5.519092176812876,108.24485593382525,5.290360765830676,321 days 18:45:00,111,111,0,0.0,59.45945945945946,10.826416113705662,-16.884982480944338,1.7282290177130712,-4.28392967200809,1 days 00:19:46.363636363,1 days 06:36:00,0.5883716809003767,-3.494327859250693,-1.975835116747602,-0.8220560727077966,0.9509946496907916,-2.61692257168659,0.0084
2024-09-01 01:00:00+02:00,2025-07-22 18:30:00+02:00,324 days 17:45:00,10000.0,9661.191313665984,-3.388086863340166,48.557944832635336,5.519092176812874,107.5603037748476,4.806949007021047,321 days 18:45:00,110,110,0,0.0,60.0,10.826416113705644,-16.88498248094435,1.7012847986418902,-4.110040761291922,1 days 00:33:51.818181818,1 days 06:08:31.363636363,0.6177686342237919,-3.080078966672886,-1.718262222824875,-0.7905336989150938,0.9568794360286719,-2.286352746733174,0.0085
2024-09-01 01:00:00+02:00,2025-07-22 18:30:00+02:00,324 days 17:45:00,10000.0,9611.089183260146,-3.88910816739853,48.557944832635336,5.519092176812874,101.42139366729715,5.30061221062955,321 days 18:45:00,104,104,0,0.0,57.692307692307686,10.826416113705655,-16.884982480944338,1.7343338580250882,-4.159385579071458,1 days 00:51:45,1 days 10:07:30,0.5652770292939587,-3.7395270840370465,-1.983483961222692,-0.8226615843938163,0.9506867998958134,-2.635932062924705,0.0086
2024-09-01 01:00:00+02:00,2025-07-22 18:30:00+02:00,324 days 17:45:00,10000.0,9648.051247260617,-3.5194875273938337,48.557944832635336,5.519092176812874,101.69881595935587,4.9364198942819995,321 days 18:45:00,104,104,0,0.0,56.730769230769226,10.826416113705651,-16.884982480944345,1.7569971823739619,-3.8877147794509517,1 days 00:43:13.220338983,1 days 09:35:00,0.5894593318399839,-3.3841226224940764,-1.7877007294081242,-0.7995884621951279,0.9551717216529049,-2.3760552993069006,0.0087
2024-09-01 01:00:00+02:00,2025-07-22 18:30:00+02:00,324 days 17:45:00,10000.0,9670.280939881579,-3.2971906011842065,48.557944832635336,5.5190921768128725,101.83659413632616,4.717387665799656,321 days 18:45:00,104,104,0,0.0,57.692307692307686,10.826416113705665,-22.300187697051626,1.722507980304815,-3.8635753286060086,1 days 00:00:00,1 days 10:00:40.909090909,0.6047341165432223,-3.1703755780617415,-1.683538145403854,-0.7839761751650788,0.9576596898908254,-2.240520009863792,0.0088
2024-09-01 01:00:00+02:00,2025-07-22 18:30:00+02:00,324 days 17:45:00,10000.0,9637.173681931574,-3.62826318068426,48.557944832635336,5.519092176812872,100.7929423513425,4.82465327773165,321 days 18:45:00,103,103,0,0.0,58.252427184466015,10.82641611370565,-22.300187697051616,1.7417419319825933,-4.139225225567588,1 days 00:26:00,1 days 10:43:57.209302325,0.584462312729928,-3.522585612314818,-1.8205068348336286,-0.8433384034623436,0.9542371709646283,-2.4194045296404387,0.0089
2024-09-01 01:00:00+02:00,2025-07-22 18:30:00+02:00,324 days 17:45:00,10000.0,9620.78524352891,-3.7921475647109015,48.557944832635336,5.285981669251473,100.86442963207453,4.5867458724662695,321 days 18:45:00,103,103,0,0.0,60.19417475728155,6.2275660480964214,-22.300187697051626,1.6075247224357756,-4.3069265934900836,0 days 22:31:12.580645161,1 days 11:45:43.902439024,0.5629845946548293,-3.6816966647678653,-1.9272556586834784,-0.9270529652875742,0.9506426669916519,-2.5555356810801935,0.009
2024-09-01 01:00:00+02:00,2025-07-22 18:30:00+02:00,324 days 17:45:00,10000.0,9632.443712508888,-3.6755628749111176,48.557944832635336,5.285981669251475,101.97802017660769,4.4711240770133065,321 days 18:45:00,104,104,0,0.0,60.57692307692307,6.227566048096403,-22.300187697051616,1.643559968686096,-4.342199582583482,0 days 21:46:40,1 days 11:50:07.317073170,0.5803725308253321,-3.53419507202993,-1.8677554878058398,-0.9218564444483781,0.9519648878172465,-2.4772206717134,0.0091
2024-09-01 01:00:00+02:00,2025-07-22 18:30:00+02:00,324 days 17:45:00,10000.0,9618.269641918369,-3.8173035808163176,48.557944832635336,5.285981669251471,107.77471115318244,4.611611167550276,321 days 18:45:00,110,110,0,0.0,60.0,6.227566048096415,-22.300187697051616,1.4687495170987461,-3.963341901051725,0 days 20:21:35.454545454,1 days 11:10:13.636363636,0.5546115300283526,-3.470275982560298,-1.9313250954579066,-0.9281562027691947,0.950886190485883,-2.561837437901501,0.0092
2024-09-01 01:00:00+02:00,2025-07-22 18:30:00+02:00,324 days 17:45:00,10000.0,9694.445274453597,-3.0555472554640315,48.557944832635336,5.28598166925147,105.03387081246859,4.001363578977001,321 days 18:45:00,107,107,0,0.0,59.813084112149525,6.227566048096412,-22.300187697051612,1.6445775960263624,-3.881808173707489,0 days 20:36:19.687500,1 days 16:15:20.930232558,0.6285341525704334,-2.8556516406205974,-1.5234707455276497,-0.8566586191396566,0.9619773395034841,-2.0273040642395337,0.0093
2024-09-01 01:00:00+02:00,2025-07-22 18:30:00+02:00,324 days 17:45:00,10000.0,9689.704285033296,-3.1029571496670405,48.557944832635336,5.2859816692514725,101.08217774586934,4.033599257224701,321 days 18:45:00,103,103,0,0.0,60.19417475728155,6.227566048096409,-22.30018769705162,1.6136292661180063,-3.9682043357713073,0 days 18:40:09.677419354,1 days 17:59:16.097560975,0.6128661745230758,-3.0125797569582877,-1.5621118899203572,-0.8629722005100094,0.9599419148965783,-2.076840421651685,0.0094
2024-09-01 01:00:00+02:00,2025-07-22 18:30:00+02:00,324 days 17:45:00,10000.0,9638.287194565231,-3.61712805434769,48.557944832635336,5.2859816692514725,99.93669375867722,4.191752846239936,321 days 18:45:00,102,102,0,0.0,59.80392156862745,6.227566048096412,-22.300187697051612,1.5225197615287778,-4.05286335223504,0 days 17:57:32.459016393,1 days 18:08:46.829268292,0.5575797945683495,-3.5462039748506813,-1.8305048641481823,-0.9676994407471865,0.9529168982156543,-2.428424665089225,0.0095
2024-09-01 01:00:00+02:00,2025-07-22 18:30:00+02:00,324 days 17:45:00,10000.0,9694.810940321626,-3.051890596783748,48.557944832635336,5.28598166925147,97.30531208969292,3.6298852763944005,321 days 18:45:00,99,99,0,0.0,62.62626262626263,6.227566048096421,-22.30018769705161,1.6362660691989834,-4.406152095713576,0 days 19:43:32.903225806,1 days 18:27:09.729729729,0.6207019408676011,-3.0827177745290326,-1.5482553371346541,-0.943200158586561,0.9598449438653782,-2.0604787501459967,0.0096
2024-09-01 01:00:00+02:00,2025-07-22 18:30:00+02:00,324 days 17:45:00,10000.0,9742.176673957096,-2.5782332604290343,48.557944832635336,5.2859816692514725,92.74150706317718,3.413204902053941,173 days 12:45:00,94,94,0,0.0,62.76595744680851,6.227566048096408,-22.300187697051623,1.770078855302542,-4.464916487406523,0 days 22:10:40.677966101,1 days 18:46:42.857142857,0.6666212330747707,-2.7428013408819583,-1.300935067152912,-0.8476518844356192,0.9662226069534076,-1.7370981033648862,0.0097
2024-09-01 01:00:00+02:00,2025-07-22 18:30:00+02:00,324 days 17:45:00,10000.0,9723.828544352751,-2.761714556472481,48.557944832635336,5.285981669251473,87.87963099405854,3.7071343921470516,173 days 12:45:00,89,89,0,0.0,60.67415730337079,6.227566048096412,-22.30018769705162,1.7390118710095874,-4.272752252455738,0 days 22:57:13.333333333,1 days 17:52:42.857142857,0.6270707975338141,-3.103050063452221,-1.414547682555559,-0.835887594408268,0.9626070495912464,-1.8882798889952601,0.0098
2024-09-01 01:00:00+02:00,2025-07-22 18:30:00+02:00,324 days 17:45:00,10000.0,9741.465228086545,-2.585347719134551,48.557944832635336,5.331598876435207,89.85592446243128,3.534619024580422,173 days 12:45:00,91,91,0,0.0,61.53846153846154,7.1514921350919805,-22.30018769705162,1.7356904595805855,-4.263152775506824,0 days 20:53:50.357142857,1 days 17:14:34.285714285,0.6500828890719067,-2.841041449598406,-1.342932411708491,-0.8207900622810329,0.9638832563695492,-1.7892751913214302,0.009899999999999999
