short_window,long_window,short_type,long_type,tp_multiplier,sl_multiplier,total_return,sharpe_ratio,win_rate,max_drawdown,total_trades,long_trades,short_trades,long_winrate,short_winrate,total_pnl,strategy_name,combo_type
20,200,SMA,SMA,3.0,1.5,111.57638837742479,2.952396327466394,44.0,16.446228658257773,325,123,202,48.78,41.09,557.89,SMA20/SMA200,SMA/SMA
20,200,SMA,SMA,3.0,3.0,101.87675288264049,2.459957666520588,52.17391304347826,21.80115684943041,322,120,202,56.67,49.5,509.39,SMA20/SMA200,SMA/SMA
20,200,SMA,SMA,2.0,1.5,91.95424413532653,3.0149217278848486,52.61538461538462,15.995743265630349,325,123,202,53.66,51.98,459.78000000000003,SMA20/SMA200,SMA/SMA
20,200,SMA,SMA,3.0,2.5,80.4755800612228,2.1451575400551453,50.0,27.803686370214432,326,123,203,54.47,47.29,402.38,SMA20/SMA200,SMA/SMA
20,200,SMA,SMA,2.0,3.0,77.97899688929,2.361584150056612,60.371517027863774,16.86934416805376,323,121,202,61.98,59.41,389.89,SMA20/SMA200,SMA/SMA
20,200,SMA,SMA,2.5,1.5,76.77678671627359,2.45726775409364,46.76923076923077,16.127673240547384,325,123,202,51.22,44.06,383.89,SMA20/SMA200,SMA/SMA
20,200,SMA,SMA,1.5,1.5,75.82096418934692,2.8949649350684736,58.15384615384615,18.22103161846527,325,123,202,57.72,58.42,379.1,SMA20/SMA200,SMA/SMA
20,200,SMA,SMA,3.0,2.0,71.37085861036216,2.053460041978915,46.76923076923077,28.491447360101258,325,122,203,53.28,42.86,356.86,SMA20/SMA200,SMA/SMA
20,200,SMA,SMA,2.0,2.0,70.24424225112126,2.3568187187091834,55.69230769230769,21.87332639791106,325,122,203,58.2,54.19,351.22,SMA20/SMA200,SMA/SMA
20,200,SMA,SMA,1.5,3.0,69.81693205640617,2.389654489608444,66.0493827160494,16.928419977053526,324,121,203,66.12,66.01,349.08000000000004,SMA20/SMA200,SMA/SMA
20,200,SMA,SMA,2.0,2.5,62.800570192478155,2.0851232871293695,58.282208588957054,21.95702426443357,326,123,203,59.35,57.64,314.0,SMA20/SMA200,SMA/SMA
20,200,SMA,SMA,1.5,2.0,62.16514129816248,2.362071768210874,61.53846153846154,18.803427506806347,325,122,203,63.11,60.59,310.83,SMA20/SMA200,SMA/SMA
20,200,SMA,SMA,1.5,2.5,60.679431174531004,2.215129531582667,64.41717791411043,18.32596375565845,326,123,203,64.23,64.53,303.39,SMA20/SMA200,SMA/SMA
20,200,SMA,SMA,2.5,3.0,58.307799505085725,1.7825492656848667,54.79876160990712,21.187206771770487,323,121,202,58.68,52.48,291.54,SMA20/SMA200,SMA/SMA
12,200,SMA,SMA,2.0,3.0,41.395621977131256,1.4781235737717107,54.00516795865633,26.565520073570802,387,143,244,58.04,51.64,206.98,SMA12/SMA200,SMA/SMA
20,200,SMA,SMA,2.5,2.5,40.89418049064432,1.4086591103516357,52.45398773006135,29.102107481260536,326,123,203,55.28,50.74,204.47,SMA20/SMA200,SMA/SMA
20,200,SMA,SMA,2.5,2.0,37.15328866714215,1.3656340440130812,49.23076923076923,28.967356019739377,325,122,203,54.1,46.31,185.76,SMA20/SMA200,SMA/SMA
12,200,SMA,SMA,2.0,2.0,35.90517170120054,1.3634446283019561,51.26262626262626,29.381657883030194,396,150,246,54.67,49.19,179.52,SMA12/SMA200,SMA/SMA
12,200,SMA,SMA,2.0,1.5,35.59395487101787,1.431643486727607,47.103274559193956,24.94678954889979,397,150,247,49.33,45.75,177.97,SMA12/SMA200,SMA/SMA
12,200,SMA,SMA,2.0,2.5,34.895674023730706,1.3181024393440446,52.94117647058824,31.407394315095438,391,148,243,56.08,51.03,174.48000000000002,SMA12/SMA200,SMA/SMA
12,200,SMA,SMA,2.5,3.0,14.179268160368133,0.6567483133012341,48.320413436692505,45.99469271656384,387,143,244,53.85,45.08,70.88999999999999,SMA12/SMA200,SMA/SMA
20,200,EMA,SMA,1.5,2.5,13.042445221797744,0.6837624441726596,59.269662921348306,25.90281154827404,356,139,217,60.43,58.53,65.22,EMA20/SMA200,EMA/SMA
12,200,SMA,SMA,3.0,3.0,12.804244628305856,0.6045636310990138,44.18604651162791,47.97838469968116,387,143,244,48.95,41.39,64.02,SMA12/SMA200,SMA/SMA
12,200,SMA,SMA,3.0,2.0,11.347024279322227,0.5683339932719743,41.41414141414141,48.39058150861154,396,150,246,46.0,38.62,56.72999999999999,SMA12/SMA200,SMA/SMA
12,200,SMA,SMA,1.5,1.5,10.411668540369806,0.6046801647459572,51.63727959697732,28.74128745853627,397,150,247,54.0,50.2,52.06000000000001,SMA12/SMA200,SMA/SMA
12,200,SMA,SMA,2.5,2.5,10.401563872277757,0.546392832490117,47.31457800511509,50.054002466813316,391,148,243,52.03,44.44,52.01,SMA12/SMA200,SMA/SMA
12,200,SMA,SMA,3.0,1.5,9.789116276977483,0.5305071205031919,37.878787878787875,47.453742051262765,396,149,247,42.28,35.22,48.94000000000001,SMA12/SMA200,SMA/SMA
20,200,EMA,SMA,2.0,3.0,9.357650821855442,0.524929924646394,54.51977401129944,32.20516556976897,354,138,216,56.52,53.24,46.779999999999994,EMA20/SMA200,EMA/SMA
20,200,EMA,SMA,2.0,2.5,8.431651323411597,0.49598547278112676,53.38983050847458,31.94716526937496,354,138,216,56.52,51.39,42.16,EMA20/SMA200,EMA/SMA
12,200,SMA,SMA,3.0,2.5,7.862191327937125,0.46521853106768385,43.22250639386189,52.976547593298974,391,148,243,47.3,40.74,39.31,SMA12/SMA200,SMA/SMA
12,200,SMA,SMA,2.5,2.0,7.760289934628826,0.4652296418103366,45.20202020202021,48.85468657011748,396,150,246,50.67,41.87,38.80000000000001,SMA12/SMA200,SMA/SMA
12,200,SMA,SMA,2.5,1.5,7.677551810201544,0.46740303341100464,41.30982367758186,45.82093493978539,397,150,247,46.0,38.46,38.379999999999995,SMA12/SMA200,SMA/SMA
20,200,EMA,SMA,2.0,1.5,6.946946381618455,0.45803750240362817,46.285714285714285,26.666685065088856,350,137,213,49.64,44.13,34.73,EMA20/SMA200,EMA/SMA
20,200,SMA,EMA,1.5,3.0,6.480944575166382,0.4307054104818007,62.05882352941177,24.30902512546748,340,122,218,67.21,59.17,32.41000000000001,SMA20/EMA200,SMA/EMA
20,200,EMA,SMA,1.5,3.0,6.024779912651888,0.4138341020185713,59.6045197740113,28.17243304249421,354,138,216,60.14,59.26,30.119999999999997,EMA20/SMA200,EMA/SMA
20,200,SMA,EMA,1.5,2.0,5.6696032851659535,0.4053817123565133,58.187134502923975,21.295002150373097,342,125,217,59.2,57.6,28.349999999999998,SMA20/EMA200,SMA/EMA
20,200,EMA,SMA,1.5,1.5,4.001156003514188,0.3375895073020802,51.714285714285715,23.38459034492869,350,137,213,53.28,50.7,20.0,EMA20/SMA200,EMA/SMA
20,200,EMA,SMA,2.5,3.0,2.8212718596178092,0.3047084025035478,49.152542372881356,39.935846182618704,354,138,216,52.9,46.76,14.100000000000001,EMA20/SMA200,EMA/SMA
12,200,SMA,SMA,1.5,2.0,-0.2095235629647959,0.1626266875481264,55.05050505050505,35.12771088817741,396,150,246,58.67,52.85,-1.0499999999999972,SMA12/SMA200,SMA/SMA
20,200,EMA,SMA,1.5,2.0,-0.2561996113543046,0.14808690986818232,55.6497175141243,25.383924988992806,354,138,216,57.97,54.17,-1.2800000000000011,EMA20/SMA200,EMA/SMA
12,200,SMA,SMA,1.5,2.5,-1.639945428096928,0.10771152670057546,56.52173913043478,34.56822352300383,391,148,243,60.14,54.32,-8.200000000000003,SMA12/SMA200,SMA/SMA
9,200,SMA,SMA,2.0,1.5,-2.89302883766029,0.06602463851746898,44.70338983050847,32.1218169697561,472,204,268,46.57,43.28,-14.459999999999994,SMA9/SMA200,SMA/SMA
20,200,SMA,EMA,1.5,1.5,-3.107305860951203,-0.0037057515286943584,52.616279069767444,21.662869603695494,344,126,218,53.97,51.83,-15.530000000000001,SMA20/EMA200,SMA/EMA
9,200,SMA,SMA,1.5,1.5,-3.484563580834674,0.005289419158354887,50.42372881355932,25.313481177888114,472,204,268,49.51,51.12,-17.419999999999995,SMA9/SMA200,SMA/SMA
20,200,EMA,SMA,3.0,3.0,-5.564090341811811,0.04629869064989954,44.35028248587571,45.888824058559734,354,138,216,46.38,43.06,-27.820000000000004,EMA20/SMA200,EMA/SMA
20,200,EMA,SMA,2.0,2.0,-7.035613225952625,-0.11870552140985416,49.858356940509914,35.27762569772782,353,137,216,53.28,47.69,-35.18,EMA20/SMA200,EMA/SMA
20,200,SMA,EMA,1.5,2.5,-7.1790975714984935,-0.14069158502983556,59.82404692082112,25.408247923556893,341,124,217,62.1,58.53,-35.89,SMA20/EMA200,SMA/EMA
20,200,SMA,EMA,2.0,2.0,-7.250731105263173,-0.10792598568826134,51.61290322580645,23.35404220053527,341,124,217,53.23,50.69,-36.25000000000001,SMA20/EMA200,SMA/EMA
20,200,EMA,SMA,2.5,2.5,-8.103601341453384,-0.0924478152613894,47.175141242937855,41.49139358019078,354,138,216,51.45,44.44,-40.510000000000005,EMA20/SMA200,EMA/SMA
20,200,SMA,EMA,2.5,2.0,-8.697031105396617,-0.12165324145265789,46.62756598240469,27.50200471282912,341,124,217,48.39,45.62,-43.49,SMA20/EMA200,SMA/EMA
12,200,SMA,SMA,1.5,3.0,-9.198546277845264,-0.21008518990355526,56.44329896907217,36.827911534066956,388,144,244,60.42,54.1,-45.989999999999995,SMA12/SMA200,SMA/SMA
9,200,SMA,SMA,3.0,1.5,-12.156123927201373,-0.21369123727910003,35.59322033898305,40.71784466711476,472,204,268,38.73,33.21,-60.77999999999999,SMA9/SMA200,SMA/SMA
20,200,EMA,SMA,2.5,1.5,-12.57823916901359,-0.3762652388006803,40.0,37.36691924600809,350,137,213,43.8,37.56,-62.89,EMA20/SMA200,EMA/SMA
20,200,SMA,EMA,2.0,1.5,-13.873453869591232,-0.4659046986403874,46.22093023255814,26.455138832310432,344,126,218,47.62,45.41,-69.36,SMA20/EMA200,SMA/EMA
9,200,SMA,SMA,2.0,3.0,-14.413655837436497,-0.35597953309789104,49.35622317596567,42.112487420112856,466,198,268,51.01,48.13,-72.06000000000002,SMA9/SMA200,SMA/SMA
20,200,EMA,SMA,3.0,2.5,-14.854875727708986,-0.3012367155334723,42.3728813559322,47.501141851726345,354,138,216,45.65,40.28,-74.27,EMA20/SMA200,EMA/SMA
9,200,SMA,SMA,2.0,2.0,-15.329805272214433,-0.43435215223953894,47.74193548387097,42.192160041979804,465,197,268,48.73,47.01,-76.65,SMA9/SMA200,SMA/SMA
9,200,SMA,SMA,2.0,2.5,-15.859148455702904,-0.42929599937324425,49.130434782608695,45.12344911787011,460,198,262,50.51,48.09,-79.3,SMA9/SMA200,SMA/SMA
20,200,SMA,EMA,2.5,1.5,-18.85339131627586,-0.6238140530185322,41.27906976744186,35.8881365728058,344,126,218,42.06,40.83,-94.27000000000001,SMA20/EMA200,SMA/EMA
9,200,SMA,SMA,3.0,2.0,-19.074932492224537,-0.447368558817917,38.494623655913976,52.02412013657261,465,197,268,41.12,36.57,-95.36999999999999,SMA9/SMA200,SMA/SMA
20,200,SMA,EMA,3.0,2.0,-19.73933275339973,-0.5016695803643615,42.52199413489736,39.61469026330779,341,124,217,45.97,40.55,-98.68999999999998,SMA20/EMA200,SMA/EMA
9,200,SMA,SMA,1.5,3.0,-20.23589156730617,-0.7149602049830469,54.077253218884124,36.708216333821106,466,198,268,53.54,54.48,-101.18,SMA9/SMA200,SMA/SMA
9,200,SMA,SMA,1.5,2.0,-20.685951422646042,-0.8019752121464818,52.68817204301075,35.681724553677455,465,197,268,51.78,53.36,-103.42999999999999,SMA9/SMA200,SMA/SMA
9,200,SMA,SMA,3.0,3.0,-20.941584289688116,-0.4664970132919363,40.215053763440864,53.63126229227255,465,197,268,43.65,37.69,-104.69999999999999,SMA9/SMA200,SMA/SMA
20,200,SMA,EMA,2.0,3.0,-22.010614292572917,-0.6840011374776218,54.41176470588235,32.07502269593011,340,122,218,59.02,51.83,-110.06,SMA20/EMA200,SMA/EMA
20,200,EMA,SMA,2.5,2.0,-22.13619878172394,-0.7471584947856917,43.626062322946176,44.16306437097656,353,137,216,48.18,40.74,-110.68,EMA20/SMA200,EMA/SMA
20,200,SMA,EMA,2.0,2.5,-23.137581766933362,-0.7851541573113123,52.94117647058824,28.9109395683098,340,123,217,55.28,51.61,-115.69,SMA20/EMA200,SMA/EMA
9,200,SMA,SMA,2.5,1.5,-23.21261603325337,-0.7258131247277287,39.19491525423729,46.99411602475932,472,204,268,41.18,37.69,-116.07,SMA9/SMA200,SMA/SMA
9,200,SMA,SMA,1.5,2.5,-23.710807159035586,-0.9145551413097289,53.69565217391305,40.2631221158266,460,198,262,53.03,54.2,-118.56,SMA9/SMA200,SMA/SMA
20,200,EMA,EMA,2.0,1.5,-24.471145215885326,-1.0650967154720055,45.15235457063712,36.51685522163219,361,144,217,47.92,43.32,-122.35,EMA20/EMA200,EMA/EMA
9,200,SMA,SMA,3.0,2.5,-25.012425451031962,-0.6501359876680967,39.565217391304344,58.44756131683921,460,198,262,41.92,37.79,-125.05999999999999,SMA9/SMA200,SMA/SMA
20,200,EMA,EMA,1.5,1.5,-25.159247050239674,-1.261608722246622,50.41551246537396,33.66581189106569,361,144,217,52.08,49.31,-125.78999999999999,EMA20/EMA200,EMA/EMA
20,200,EMA,SMA,3.0,1.5,-25.44177786368885,-0.9141036034923992,34.285714285714285,46.69875797283401,350,137,213,36.5,32.86,-127.21000000000001,EMA20/SMA200,EMA/SMA
20,200,SMA,EMA,2.5,3.0,-25.494158169268577,-0.7486623391449114,49.705882352941174,36.4566969868414,340,122,218,54.92,46.79,-127.47999999999999,SMA20/EMA200,SMA/EMA
12,20,EMA,EMA,2.0,1.5,-26.025141456522817,-0.566897594363452,39.60138648180242,53.897752553946276,1154,495,659,41.21,38.39,-130.13,EMA12/EMA20,EMA/EMA
12,200,EMA,SMA,2.0,3.0,-26.746548711384104,-0.8850329602349748,50.34642032332564,44.159851227887806,434,190,244,53.68,47.54,-133.73,EMA12/SMA200,EMA/SMA
20,200,SMA,EMA,2.5,2.5,-27.601637897085062,-0.8914711957182604,47.94117647058824,34.65308771737146,340,123,217,50.41,46.54,-138.01,SMA20/EMA200,SMA/EMA
12,200,EMA,SMA,2.0,1.5,-27.727470408553106,-1.1247748981941899,43.48837209302325,43.359771980615136,431,183,248,45.36,41.94,-138.64,EMA12/SMA200,EMA/SMA
12,200,EMA,SMA,1.5,1.5,-29.229541205085557,-1.3798651395750108,48.604651162790695,34.072846346749266,431,183,248,48.09,48.79,-146.14999999999998,EMA12/SMA200,EMA/SMA
12,200,EMA,SMA,2.0,2.5,-30.50090899974971,-1.0896102460019352,49.6551724137931,48.982255671252666,436,186,250,52.69,47.2,-152.5,EMA12/SMA200,EMA/SMA
20,200,SMA,EMA,3.0,1.5,-31.21204846319838,-1.1251345998576252,36.91860465116279,46.66007176704527,344,126,218,39.68,35.32,-156.06,SMA20/EMA200,SMA/EMA
9,200,SMA,SMA,2.5,2.0,-31.689744519368347,-1.069406473313508,41.935483870967744,58.45702182256864,465,197,268,43.15,41.04,-158.45,SMA9/SMA200,SMA/SMA
20,200,SMA,EMA,3.0,2.5,-32.647447401672416,-1.0208631281019767,44.70588235294118,45.803572755847895,340,123,217,48.78,42.4,-163.24,SMA20/EMA200,SMA/EMA
9,200,SMA,SMA,2.5,3.0,-33.824924333037295,-1.0850221179103605,43.655913978494624,59.75789148349805,465,197,268,45.69,42.16,-169.13,SMA9/SMA200,SMA/SMA
12,200,EMA,SMA,2.5,3.0,-33.96943155675901,-1.0421319920693317,44.80369515011547,53.52637557060474,434,190,244,48.95,41.39,-169.85,EMA12/SMA200,EMA/SMA
20,200,EMA,EMA,2.0,2.0,-34.287965069842414,-1.491504935451262,48.87005649717514,45.03791882214913,354,139,215,51.8,46.98,-171.44,EMA20/EMA200,EMA/EMA
12,200,EMA,SMA,3.0,1.5,-35.32395004087726,-1.288833944511384,34.032634032634036,55.482947443012065,430,183,247,37.16,31.58,-176.61999999999998,EMA12/SMA200,EMA/SMA
12,200,EMA,SMA,3.0,3.0,-35.404106028836054,-1.0274135813588703,40.13921113689095,56.027014446853926,432,189,243,44.97,36.21,-177.01999999999998,EMA12/SMA200,EMA/SMA
20,200,EMA,SMA,3.0,2.0,-35.72943562914295,-1.325132745747657,37.960339943342774,53.80832680287484,353,137,216,40.88,36.11,-178.65,EMA20/SMA200,EMA/SMA
20,200,EMA,EMA,2.5,1.5,-35.91471836765409,-1.6019585932294964,38.78116343490305,47.22556464241539,361,144,217,40.97,37.33,-179.57,EMA20/EMA200,EMA/EMA
9,200,SMA,SMA,2.5,2.5,-36.317353726616716,-1.2490575645041093,43.04347826086957,63.32422847499489,460,198,262,43.94,42.37,-181.59,SMA9/SMA200,SMA/SMA
12,200,EMA,SMA,2.0,2.0,-36.984952140490265,-1.4902733595077446,47.004608294930875,54.71689627002545,435,186,249,48.92,45.38,-184.93,EMA12/SMA200,EMA/SMA
12,200,EMA,SMA,1.5,2.5,-37.15426307804957,-1.6338877614759342,54.02298850574713,43.3491624115803,436,186,250,54.84,53.2,-185.76999999999998,EMA12/SMA200,EMA/SMA
12,20,EMA,EMA,2.5,1.5,-37.721210513742435,-0.9261935339809896,34.9869451697128,60.750477148927665,1150,491,659,36.86,33.69,-188.61,EMA12/EMA20,EMA/EMA
20,200,EMA,EMA,1.5,2.0,-37.89329451667656,-1.9524382718781645,53.954802259887,43.09090899257191,354,139,215,55.4,53.02,-189.46,EMA20/EMA200,EMA/EMA
20,200,SMA,EMA,3.0,3.0,-38.173196757737536,-1.2187724813751337,45.72271386430678,48.758163374787976,339,122,217,50.82,42.86,-190.86,SMA20/EMA200,SMA/EMA
12,200,EMA,SMA,2.5,1.5,-38.52061329505057,-1.5770907970614303,37.995337995338,54.54878007496249,430,183,247,40.44,36.03,-192.60000000000002,EMA12/SMA200,EMA/SMA
12,200,EMA,SMA,1.5,2.0,-38.63653406203355,-1.7875016523856075,51.61290322580645,45.73595991279294,435,186,249,51.08,51.81,-193.18,EMA12/SMA200,EMA/SMA
12,20,EMA,EMA,3.0,1.5,-38.77997056010497,-0.895137631619185,32.95454545454545,59.33291571061756,1145,489,656,34.15,32.16,-193.89999999999998,EMA12/EMA20,EMA/EMA
12,200,EMA,SMA,1.5,3.0,-39.359212057336194,-1.744350594830588,54.14746543778802,44.46356855532841,435,190,245,55.79,52.65,-196.79,EMA12/SMA200,EMA/SMA
20,200,EMA,EMA,3.0,1.5,-39.584473039221855,-1.722536365760887,35.73407202216066,52.01293261395866,361,144,217,39.58,33.18,-197.92000000000002,EMA20/EMA200,EMA/EMA
9,200,SMA,EMA,2.0,2.0,-40.20966634432055,-1.6330109668604154,43.522267206477736,41.91649330553698,495,198,297,43.94,43.1,-201.05,SMA9/EMA200,SMA/EMA
12,20,EMA,EMA,1.5,1.5,-41.751476590716585,-1.406419385744767,44.320137693631665,58.25272238629531,1162,501,661,45.91,43.12,-208.76000000000002,EMA12/EMA20,EMA/EMA
12,20,EMA,EMA,2.0,2.0,-42.13125782075134,-1.2065141055410757,39.82905982905983,57.03388739381767,1170,511,659,41.1,38.85,-210.65,EMA12/EMA20,EMA/EMA
9,200,SMA,EMA,1.5,2.0,-43.429909889031684,-2.01145520183492,49.29577464788733,44.86632730700667,498,198,300,49.49,49.0,-217.14999999999998,SMA9/EMA200,SMA/EMA
9,20,EMA,SMA,2.0,1.5,-43.82049197447237,-1.1051129917631952,38.079019073569484,58.628936926763544,1468,693,775,37.81,38.32,-219.11,EMA9/SMA20,EMA/SMA
12,200,EMA,EMA,1.5,2.0,-44.35842921107934,-2.0617419830754886,51.19305856832972,46.55815313753471,462,191,271,52.88,49.82,-221.79,EMA12/EMA200,EMA/EMA
12,200,EMA,EMA,2.0,1.5,-45.09513763796589,-2.1379190819001614,42.025862068965516,52.679397427770134,465,190,275,41.58,42.18,-225.47,EMA12/EMA200,EMA/EMA
9,200,SMA,EMA,2.0,1.5,-46.704785218789915,-2.166292104380601,39.558232931726906,49.05314548399841,499,204,295,39.71,39.32,-233.53,SMA9/EMA200,SMA/EMA
12,200,EMA,EMA,1.5,1.5,-46.864577523457164,-2.422957337093919,47.096774193548384,49.421302447679196,466,190,276,47.37,46.74,-234.32,EMA12/EMA200,EMA/EMA
12,20,EMA,EMA,1.5,2.0,-46.92788041226786,-1.6447153815341615,44.982993197278915,58.52040210419657,1176,514,662,46.5,43.81,-234.64000000000001,EMA12/EMA20,EMA/EMA
9,200,EMA,SMA,3.0,1.5,-47.56654477025775,-1.9080311100100646,33.056133056133056,56.18693994292453,482,208,274,38.94,28.47,-237.83,EMA9/SMA200,EMA/SMA
12,200,SMA,EMA,2.5,1.5,-47.64430174723574,-2.2283232114086466,36.674259681093396,53.35718416217007,439,168,271,32.74,39.11,-238.22,SMA12/EMA200,SMA/EMA
9,200,SMA,EMA,2.0,2.5,-47.66630692883133,-2.034147700067504,43.54838709677419,49.16027013078116,497,198,299,44.44,42.81,-238.33,SMA9/EMA200,SMA/EMA
9,200,SMA,EMA,3.0,2.0,-47.77150658640325,-1.7750232713649776,35.56910569105691,51.75519965945759,493,197,296,36.04,35.14,-238.86,SMA9/EMA200,SMA/EMA
12,200,EMA,EMA,3.0,1.5,-47.79908019985215,-1.9663533704588305,33.477321814254864,55.735102053209815,464,189,275,35.45,32.0,-238.98999999999998,EMA12/EMA200,EMA/EMA
12,200,EMA,EMA,2.0,2.0,-47.81694401190735,-2.1432480159774085,45.51422319474836,50.56486865533716,458,189,269,46.03,44.98,-239.09,EMA12/EMA200,EMA/EMA
9,200,SMA,EMA,1.5,2.5,-48.02350529883588,-2.2553500973137783,49.49698189134809,49.343282979366045,498,198,300,50.0,49.0,-240.11,SMA9/EMA200,SMA/EMA
12,200,EMA,EMA,2.5,1.5,-48.09726755314654,-2.1496553826619342,37.5,56.71232891238351,465,190,275,38.42,36.73,-240.49,EMA12/EMA200,EMA/EMA
9,20,EMA,SMA,3.0,2.0,-48.098067652138496,-1.0895989930590222,34.23728813559322,63.93910825063544,1476,700,776,34.29,34.28,-240.49,EMA9/SMA20,EMA/SMA
9,200,SMA,EMA,1.5,1.5,-48.44914142359958,-2.515042852372918,45.38152610441767,50.56059180029603,499,204,295,45.1,45.42,-242.25,SMA9/EMA200,SMA/EMA
20,200,EMA,EMA,2.0,3.0,-48.45642391276078,-2.1741433424218397,50.42492917847026,50.218150738655865,353,138,215,52.9,48.84,-242.28,EMA20/EMA200,EMA/EMA
20,200,EMA,EMA,3.0,2.0,-48.606927783784364,-2.081373083074498,38.92045454545455,60.04894269453711,352,137,215,41.61,37.21,-243.04000000000002,EMA20/EMA200,EMA/EMA
20,200,EMA,EMA,2.5,2.0,-48.63708773398447,-2.2269555991874914,41.64305949008499,57.36878562595985,353,138,215,43.48,40.47,-243.18,EMA20/EMA200,EMA/EMA
9,20,EMA,SMA,2.0,2.5,-48.88144201556792,-1.266938825056156,38.694792353328936,62.07300277278932,1517,724,793,38.12,39.22,-244.41000000000003,EMA9/SMA20,EMA/SMA
9,200,SMA,EMA,1.5,3.0,-48.91682896472188,-2.2934218113885017,50.0,50.822413769446115,505,206,299,50.97,49.16,-244.59000000000003,SMA9/EMA200,SMA/EMA
12,200,EMA,SMA,2.5,2.5,-48.98893985558738,-1.9043745857658612,43.08755760368664,63.05794012744994,435,185,250,45.95,40.8,-244.94,EMA12/SMA200,EMA/SMA
9,200,SMA,EMA,3.0,1.5,-49.11577137517318,-1.9780982260062985,32.25806451612903,52.30170672637262,497,202,295,32.67,31.86,-245.58,SMA9/EMA200,SMA/EMA
9,20,EMA,SMA,2.0,2.0,-49.129018848041376,-1.312665744175858,38.17567567567568,62.047061519659465,1480,702,778,37.75,38.56,-245.65,EMA9/SMA20,EMA/SMA
12,20,EMA,EMA,3.0,2.0,-49.533928991801545,-1.3254847463793953,33.24742268041237,62.327446573186975,1165,507,658,34.71,32.22,-247.67000000000002,EMA12/EMA20,EMA/EMA
20,200,EMA,EMA,2.0,2.5,-49.62842161715328,-2.3793880886452254,49.152542372881356,51.492389874182386,354,139,215,51.8,47.44,-248.14,EMA20/EMA200,EMA/EMA
9,20,EMA,SMA,3.0,1.5,-49.658869776261106,-1.1819118366925234,33.87978142076503,66.3920396267003,1465,693,772,33.91,33.94,-248.3,EMA9/SMA20,EMA/SMA
12,200,EMA,SMA,3.0,2.5,-49.69319040052451,-1.8250620345948285,38.51508120649652,65.83249305239535,432,182,250,41.76,36.0,-248.47,EMA12/SMA200,EMA/SMA
9,200,EMA,SMA,2.0,1.5,-49.71614476165868,-2.436989483682311,40.824742268041234,51.41503162771619,486,211,275,45.97,36.73,-248.58,EMA9/SMA200,EMA/SMA
12,200,EMA,EMA,2.5,2.0,-49.716239745533706,-2.0911027582565738,40.57017543859649,51.9856711951993,457,188,269,42.02,39.41,-248.57999999999998,EMA12/EMA200,EMA/EMA
12,200,EMA,EMA,1.5,2.5,-49.840175870111835,-2.3791576570132427,51.61290322580645,51.66496977989055,466,194,272,52.06,51.1,-249.20000000000002,EMA12/EMA200,EMA/EMA
9,200,SMA,EMA,2.5,2.0,-49.90463921978746,-2.0483196285953524,38.41463414634146,51.50356785557112,493,197,296,39.09,37.84,-249.51999999999998,SMA9/EMA200,SMA/EMA
12,200,EMA,SMA,3.0,2.0,-50.14130701213239,-1.9414379566381559,36.489607390300236,65.85436882914505,434,186,248,39.25,34.27,-250.71,EMA12/SMA200,EMA/SMA
12,20,EMA,EMA,2.0,3.0,-50.18674278579799,-1.5424261875123269,39.69030154849226,61.13874680859548,1227,545,682,41.1,38.56,-250.94,EMA12/EMA20,EMA/EMA
9,200,EMA,SMA,2.0,2.5,-50.37657540300246,-2.24590205022147,45.208333333333336,51.76268971921401,481,211,270,50.71,40.74,-251.89,EMA9/SMA200,EMA/SMA
9,20,EMA,SMA,3.0,2.5,-51.04793500361971,-1.1780697902267412,34.65608465608466,65.7220094375843,1513,722,791,34.49,34.89,-255.24,EMA9/SMA20,EMA/SMA
9,200,EMA,EMA,3.0,1.5,-51.10002258047792,-2.046720195680365,33.08550185873606,54.691548446697865,539,223,316,35.87,31.01,-255.49999999999997,EMA9/EMA200,EMA/EMA
12,20,EMA,EMA,2.0,2.5,-51.31130126297043,-1.6199453490379465,39.50413223140496,61.37366159257067,1210,533,677,40.9,38.4,-256.56,EMA12/EMA20,EMA/EMA
9,20,EMA,SMA,1.5,1.5,-51.62125622199092,-1.6301776965581987,42.14819850441876,65.20772171418717,1471,695,776,41.44,42.78,-258.11,EMA9/SMA20,EMA/SMA
12,200,EMA,SMA,2.5,2.0,-52.21171627794929,-2.2249027608916845,40.64665127020785,65.31226280534422,434,186,248,43.01,38.71,-261.06,EMA12/SMA200,EMA/SMA
9,200,EMA,SMA,2.5,1.5,-52.362999513419375,-2.3168437686529755,35.74380165289256,55.24270614909241,485,210,275,39.52,32.73,-261.80999999999995,EMA9/SMA200,EMA/SMA
9,200,EMA,EMA,2.5,1.5,-52.68085453422906,-2.32005558227191,36.059479553903344,55.78403882840869,539,223,316,39.46,33.54,-263.40999999999997,EMA9/EMA200,EMA/EMA
9,200,SMA,EMA,2.5,1.5,-52.948646669877334,-2.3902077013185914,34.67741935483871,55.50130803058161,497,202,295,34.65,34.58,-264.74,SMA9/EMA200,SMA/EMA
12,200,SMA,EMA,3.0,1.5,-53.02088013204174,-2.4378305443443997,31.890660592255127,60.8298174550832,439,168,271,30.95,32.47,-265.1,SMA12/EMA200,SMA/EMA
9,200,SMA,EMA,2.0,3.0,-53.084496265740874,-2.379125444507874,43.33996023856859,54.98082399044241,504,205,299,44.39,42.47,-265.43,SMA9/EMA200,SMA/EMA
9,20,EMA,SMA,2.5,1.5,-53.093197244072876,-1.4187148535183551,35.4024556616644,64.479413763522,1467,694,773,35.59,35.32,-265.46999999999997,EMA9/SMA20,EMA/SMA
12,200,SMA,EMA,2.0,1.5,-53.18110472566375,-2.867520009575786,40.091116173120724,56.19540845215719,439,168,271,36.9,42.07,-265.9,SMA12/EMA200,SMA/EMA
12,20,EMA,EMA,2.5,2.0,-53.26551170275934,-1.620720583206017,35.02145922746781,63.51139975512,1166,507,659,36.88,33.69,-266.33,EMA12/EMA20,EMA/EMA
20,200,EMA,EMA,1.5,2.5,-53.29105969441332,-2.978499296944337,53.954802259887,53.78051496948852,354,139,215,55.4,53.02,-266.46,EMA20/EMA200,EMA/EMA
12,200,EMA,EMA,3.0,2.0,-53.42129852241892,-2.1730862132783524,36.26373626373626,56.313970804262084,456,187,269,37.97,34.94,-267.11,EMA12/EMA200,EMA/EMA
9,20,SMA,SMA,3.0,1.5,-53.829243592129,-1.4069046914273626,36.165577342047925,59.731106950114174,1378,626,752,34.66,37.37,-269.15000000000003,SMA9/SMA20,SMA/SMA
20,200,EMA,EMA,1.5,3.0,-53.878706463423285,-2.8724110756091026,54.95750708215298,54.36200388501059,353,138,215,56.52,53.95,-269.39,EMA20/EMA200,EMA/EMA
9,20,SMA,SMA,3.0,2.0,-53.963518991640434,-1.341874047887082,36.997126436781606,59.836507744049804,1393,629,764,34.98,38.61,-269.82,SMA9/SMA20,SMA/SMA
9,20,EMA,SMA,2.0,3.0,-54.08882255205112,-1.5029724857460043,38.64671437865972,65.9365762958994,1537,737,800,38.26,39.0,-270.45,EMA9/SMA20,EMA/SMA
9,20,EMA,SMA,2.5,2.0,-54.116461536660374,-1.434742865776764,35.74813811780636,65.08930777118358,1478,700,778,35.86,35.73,-270.58000000000004,EMA9/SMA20,EMA/SMA
9,20,EMA,SMA,3.0,3.0,-54.503006226294325,-1.321081139314513,34.57273320287019,67.87957337296659,1534,736,798,34.65,34.59,-272.52,EMA9/SMA20,EMA/SMA
9,20,SMA,SMA,3.0,3.0,-54.73914513926961,-1.3412179257364174,37.30496453900709,59.92172630316964,1411,637,774,35.48,38.76,-273.7,SMA9/SMA20,SMA/SMA
12,20,EMA,EMA,1.5,3.0,-54.82039514916489,-2.0423984186960973,44.987775061124694,62.32359500382735,1227,544,683,46.69,43.63,-274.1,EMA12/EMA20,EMA/EMA
9,20,SMA,EMA,2.5,2.5,-54.83966688392095,-1.6332392065771055,39.11696359411309,59.68980944470144,1292,547,745,36.93,40.67,-274.19,SMA9/EMA20,SMA/EMA
12,200,SMA,EMA,2.5,2.0,-54.94045890694117,-2.5428938443300333,39.359267734553775,57.91360026501607,437,167,270,37.13,40.74,-274.7,SMA12/EMA200,SMA/EMA
9,20,SMA,EMA,2.5,3.0,-55.128504523484565,-1.6345345695596571,39.244410177332306,59.94762641563509,1298,554,744,37.0,40.86,-275.65,SMA9/EMA20,SMA/EMA
9,200,EMA,SMA,3.0,3.0,-55.19137628002285,-2.1347850259434784,36.7983367983368,62.44163159074768,482,212,270,41.04,33.33,-275.96000000000004,EMA9/SMA200,EMA/SMA
9,20,EMA,EMA,1.5,1.5,-55.45376144139754,-2.1897370765691715,42.51543209876543,66.36992590495177,1296,579,717,41.97,42.96,-277.27,EMA9/EMA20,EMA/EMA
9,20,SMA,SMA,3.0,2.5,-55.46506156990715,-1.3925382221878024,37.240886347391,60.10066957676238,1400,631,769,35.34,38.75,-277.32,SMA9/SMA20,SMA/SMA
9,200,EMA,SMA,3.0,2.5,-55.560766518052716,-2.185715613324124,36.554621848739494,62.28468982583912,477,209,268,41.15,32.84,-277.81,EMA9/SMA200,EMA/SMA
12,200,EMA,EMA,1.5,3.0,-55.654850097211735,-2.8341003776716818,51.06837606837607,56.36276664471519,469,193,276,51.3,50.72,-278.27,EMA12/EMA200,EMA/EMA
9,200,EMA,SMA,1.5,2.5,-55.840342841858856,-2.9969022945529744,49.5850622406639,58.26392693026169,483,212,271,52.83,46.86,-279.21,EMA9/SMA200,EMA/SMA
9,20,SMA,EMA,2.5,1.5,-55.86803743082823,-1.7693515289920336,37.3933281613654,60.358252197322905,1290,549,741,35.34,38.87,-279.34000000000003,SMA9/EMA20,SMA/EMA
9,20,EMA,SMA,2.5,2.5,-55.89503994923275,-1.482934968274883,36.12945838837516,66.35017245455931,1515,722,793,36.01,36.32,-279.47,EMA9/SMA20,EMA/SMA
12,20,EMA,EMA,1.5,2.5,-55.964984117834774,-2.1389183920568997,44.76504534212696,64.5101119720684,1213,533,680,46.34,43.53,-279.83,EMA12/EMA20,EMA/EMA
9,20,SMA,SMA,2.0,2.5,-56.16617734255406,-1.619332857052586,40.76977904490378,66.21370830816281,1404,633,771,38.07,42.93,-280.83,SMA9/SMA20,SMA/SMA
9,200,EMA,EMA,2.0,1.5,-56.20461968831939,-2.8075910232883423,39.51762523191095,56.75317229009384,540,223,317,42.15,37.54,-281.03,EMA9/EMA200,EMA/EMA
12,200,EMA,EMA,2.0,2.5,-56.28806247699065,-2.6871898970377455,45.23809523809524,58.45391041390462,463,192,271,45.83,44.65,-281.44,EMA12/EMA200,EMA/EMA
9,20,SMA,SMA,2.0,2.0,-56.31369801315832,-1.6499648388743602,40.40114613180516,66.54778300297531,1397,631,766,37.72,42.56,-281.57,SMA9/SMA20,SMA/SMA
9,200,EMA,SMA,2.0,3.0,-56.55123951044949,-2.6821822735729506,44.8559670781893,57.72621807025916,487,214,273,50.0,40.66,-282.75,EMA9/SMA200,EMA/SMA
12,20,EMA,EMA,3.0,3.0,-56.668388214776414,-1.617340531216744,33.033524121013905,66.54463274622731,1224,544,680,34.56,31.91,-283.34000000000003,EMA12/EMA20,EMA/EMA
9,200,EMA,SMA,2.5,2.5,-56.76035388216821,-2.3853881063746845,39.62264150943396,59.54883958637388,478,210,268,43.81,36.19,-283.79999999999995,EMA9/SMA200,EMA/SMA
9,20,SMA,SMA,2.0,3.0,-56.91400542816829,-1.64293479338152,40.76433121019109,67.39861123643077,1414,638,776,38.09,42.91,-284.57000000000005,SMA9/SMA20,SMA/SMA
9,200,EMA,SMA,1.5,1.5,-57.39403091591533,-3.448095946833981,44.948453608247426,59.24195566856294,486,211,275,48.34,42.18,-286.97,EMA9/SMA200,EMA/SMA
9,20,SMA,EMA,2.0,2.5,-57.4045794184879,-1.9018526248807168,41.71826625386997,61.727087291871854,1293,549,744,39.53,43.28,-287.02,SMA9/EMA20,SMA/EMA
12,200,SMA,EMA,1.5,1.5,-57.509724813093996,-3.596168177186855,45.0,60.115844217455816,440,169,271,43.79,45.76,-287.55,SMA12/EMA200,SMA/EMA
9,200,EMA,SMA,2.0,2.0,-57.51187514696194,-2.932386242950826,43.15789473684211,58.64625761320551,476,207,269,48.31,39.03,-287.56,EMA9/SMA200,EMA/SMA
9,20,SMA,EMA,1.5,2.5,-57.625864537862306,-2.1272631535760453,46.05263157894737,60.950076419295755,1293,551,742,43.38,47.98,-288.13,SMA9/EMA20,SMA/EMA
12,200,SMA,EMA,3.0,2.0,-57.91469811102898,-2.5877532033756534,34.78260869565217,60.83057484397509,437,167,270,35.33,34.44,-289.57,SMA12/EMA200,SMA/EMA
9,200,EMA,EMA,1.5,1.5,-58.0447683457081,-3.192204590551145,44.36229205175601,58.45742771162833,542,223,319,46.19,42.95,-290.23,EMA9/EMA200,EMA/EMA
9,20,SMA,EMA,1.5,1.5,-58.26425785459776,-2.282765350636601,44.53911696359411,61.54470680936055,1292,553,739,41.95,46.41,-291.32,SMA9/EMA20,SMA/EMA
12,200,SMA,EMA,2.0,2.0,-58.328432062457935,-3.021552850631554,43.24942791762014,60.727373704517106,437,167,270,41.92,44.07,-291.64,SMA12/EMA200,SMA/EMA
9,200,EMA,SMA,3.0,2.0,-58.4437343577131,-2.5192525513346165,34.883720930232556,65.14737123553311,474,205,269,39.51,31.23,-292.22,EMA9/SMA200,EMA/SMA
20,200,EMA,EMA,2.5,3.0,-58.54173437173049,-2.679666291274553,43.87464387464387,59.4863659030985,351,137,214,45.99,42.52,-292.71000000000004,EMA20/EMA200,EMA/EMA
12,20,SMA,SMA,2.0,2.0,-58.708367008298325,-1.8709547090161802,41.47529575504523,68.11778641622273,1438,629,809,41.02,41.78,-293.55,SMA12/SMA20,SMA/SMA
9,20,SMA,SMA,2.0,1.5,-58.87560538553925,-1.8786431040351008,39.39174511223751,65.35988966903436,1382,628,754,37.26,41.11,-294.38,SMA9/SMA20,SMA/SMA
9,20,SMA,EMA,2.0,3.0,-58.932837408136265,-1.9800025923018003,41.898148148148145,63.10026036622588,1297,555,742,39.46,43.67,-294.65999999999997,SMA9/EMA20,SMA/EMA
9,20,SMA,EMA,3.0,1.5,-59.09366528329731,-1.8561483108685348,35.06998444790047,65.04970789621959,1287,547,740,33.46,36.22,-295.47,SMA9/EMA20,SMA/EMA
9,20,EMA,EMA,1.5,2.0,-59.23181570620064,-2.363657190138153,42.952522255192875,68.94256931344813,1348,603,745,42.45,43.36,-296.16,EMA9/EMA20,EMA/EMA
9,20,SMA,EMA,2.5,2.0,-59.287739275563766,-1.9123493107358573,38.717156105100464,64.58919208223148,1295,553,742,36.53,40.3,-296.44,SMA9/EMA20,SMA/EMA
9,20,EMA,EMA,1.5,2.5,-59.31495640930587,-2.3142574749090916,43.15561959654179,69.00590636582501,1388,626,762,42.81,43.44,-296.57,EMA9/EMA20,EMA/EMA
9,20,SMA,EMA,3.0,3.0,-59.41372078631143,-1.7757091835601235,36.95987654320987,65.4352344424537,1297,553,744,35.44,38.04,-297.07,SMA9/EMA20,SMA/EMA
12,20,SMA,SMA,2.0,2.5,-59.471602553428006,-1.8785901926695316,41.80555555555556,68.00102346282465,1441,634,807,41.48,42.01,-297.36,SMA12/SMA20,SMA/SMA
9,200,EMA,SMA,2.5,3.0,-59.57954577058088,-2.55550700479799,39.62655601659751,62.18322138154312,483,213,270,43.19,36.67,-297.90000000000003,EMA9/SMA200,EMA/SMA
12,20,EMA,EMA,3.0,2.5,-59.62552870920279,-1.8094048654654882,32.834580216126355,67.2275474162666,1204,530,674,34.34,31.75,-298.13,EMA12/EMA20,EMA/EMA
12,20,SMA,SMA,2.0,3.0,-59.64204999223517,-1.8669584385678362,42.13444213444213,68.88982886229564,1444,634,810,41.64,42.47,-298.21,SMA12/SMA20,SMA/SMA
9,20,EMA,SMA,1.5,2.0,-59.64452051196562,-2.058142276573374,42.172739541160595,70.60573644099829,1482,704,778,41.48,42.8,-298.23,EMA9/SMA20,EMA/SMA
12,20,EMA,EMA,2.5,3.0,-59.73428146307438,-1.911035554842918,34.885620915032675,67.01695507117464,1225,544,681,36.95,33.33,-298.68,EMA12/EMA20,EMA/EMA
9,20,SMA,EMA,2.0,1.5,-59.73876952321382,-2.140705736488492,39.922480620155035,64.03202148090855,1291,551,740,37.75,41.49,-298.69,SMA9/EMA20,SMA/EMA
12,20,SMA,SMA,2.5,3.0,-59.76722636636702,-1.7275888980387817,40.33264033264034,67.88227657533076,1444,634,810,40.22,40.37,-298.84000000000003,SMA12/SMA20,SMA/SMA
9,200,EMA,SMA,1.5,3.0,-59.80631449938534,-3.3229397864202497,49.18032786885246,62.01223689331859,489,215,274,52.09,46.72,-299.03,EMA9/SMA200,EMA/SMA
9,200,EMA,SMA,1.5,2.0,-59.99661713949003,-3.5190141416268057,47.47899159663865,61.955130336266585,477,208,269,50.0,45.35,-299.98,EMA9/SMA200,EMA/SMA
9,20,SMA,EMA,1.5,3.0,-60.004009807808245,-2.268014075022706,46.141975308641975,63.14165838415219,1297,557,740,43.45,48.11,-300.02,SMA9/EMA20,SMA/EMA
9,20,EMA,SMA,1.5,2.5,-60.03572987679727,-2.028808825705222,42.56578947368421,71.35127902316168,1520,727,793,41.68,43.38,-300.16999999999996,EMA9/SMA20,EMA/SMA
9,20,SMA,EMA,3.0,2.0,-60.13078342952023,-1.866878237225599,36.42691415313225,66.05127589138439,1294,552,742,34.78,37.6,-300.66,SMA9/EMA20,SMA/EMA
9,20,SMA,SMA,2.5,1.5,-60.299318138192504,-1.8336428618430143,37.055837563451774,64.55046119623778,1380,626,754,35.78,38.06,-301.49,SMA9/SMA20,SMA/SMA
12,20,SMA,SMA,2.5,2.0,-60.29999671854361,-1.8181184649807474,39.65156794425087,68.25550453105181,1436,627,809,39.55,39.68,-301.5,SMA12/SMA20,SMA/SMA
12,200,SMA,EMA,1.5,2.0,-60.33828462590386,-3.5329834815255006,48.74141876430206,62.499765462094516,437,167,270,50.3,47.78,-301.69,SMA12/EMA200,SMA/EMA
12,200,EMA,EMA,2.5,2.5,-60.44904408037867,-2.778002333318907,40.0,62.23407731524608,461,190,271,42.11,38.38,-302.24,EMA12/EMA200,EMA/EMA
12,20,EMA,EMA,2.5,2.5,-60.610447200153864,-1.9928259275721552,34.77178423236514,67.03515019724861,1206,530,676,36.79,33.28,-303.05,EMA12/EMA20,EMA/EMA
9,200,SMA,EMA,3.0,3.0,-60.7719941739431,-2.5342756243466735,34.990059642147116,63.08797471926447,504,205,299,36.1,34.11,-303.86,SMA9/EMA200,SMA/EMA
9,20,SMA,EMA,3.0,2.5,-60.82630505433947,-1.8759108490039484,36.772692009309544,66.73061575162194,1290,546,744,35.16,37.9,-304.13,SMA9/EMA20,SMA/EMA
12,200,EMA,EMA,3.0,2.5,-61.018708415331936,-2.621588526800234,36.165577342047925,63.10700963625523,460,189,271,39.15,33.95,-305.1,EMA12/EMA200,EMA/EMA
9,20,EMA,SMA,2.5,3.0,-61.08945063671308,-1.7417351835719797,36.02605863192183,70.31324199668609,1536,736,800,36.14,36.0,-305.45,EMA9/SMA20,EMA/SMA
9,20,EMA,EMA,1.5,3.0,-61.101750471605065,-2.420234024201641,43.112062812276946,70.1235853372588,1401,632,769,42.72,43.43,-305.51,EMA9/EMA20,EMA/EMA
9,200,EMA,SMA,2.5,2.0,-61.12564333432988,-2.8582987438362406,37.76371308016878,63.1776774682822,475,206,269,41.75,34.57,-305.63,EMA9/SMA200,EMA/SMA
9,200,SMA,EMA,2.5,3.0,-61.12717621809514,-2.7312103833380603,37.97216699801193,63.09601929709038,504,205,299,39.51,36.79,-305.63,SMA9/EMA200,SMA/EMA
9,20,SMA,SMA,2.5,2.0,-61.227251789931,-1.7964310601509024,37.94835007173601,65.963446044059,1395,629,766,36.25,39.3,-306.14,SMA9/SMA20,SMA/SMA
12,200,EMA,EMA,2.0,3.0,-61.56941147278705,-3.123970151996646,44.63519313304721,62.30533272242894,467,192,275,44.79,44.36,-307.85,EMA12/EMA200,EMA/EMA
9,20,SMA,SMA,2.5,3.0,-61.652582227135554,-1.7776404302600926,38.31444759206799,65.81131733434697,1413,637,776,36.73,39.56,-308.27,SMA9/SMA20,SMA/SMA
20,200,EMA,EMA,2.5,2.5,-61.717895482543895,-3.0924884405198187,42.20963172804532,64.02182906405729,353,138,215,44.2,40.93,-308.59,EMA20/EMA200,EMA/EMA
20,200,EMA,EMA,3.0,3.0,-61.719449750892394,-2.7635013182388417,40.57142857142857,62.79724861341567,350,136,214,43.38,38.79,-308.6,EMA20/EMA200,EMA/EMA
12,20,SMA,SMA,2.5,2.5,-61.87090982104239,-1.8723693867736124,39.91655076495132,69.04490984365408,1439,632,807,39.87,39.9,-309.36,SMA12/SMA20,SMA/SMA
9,20,SMA,SMA,2.5,2.5,-61.91634252502916,-1.813185807661206,38.258386866523914,65.87784796946757,1402,631,771,36.61,39.56,-309.58,SMA9/SMA20,SMA/SMA
9,20,SMA,SMA,1.5,2.0,-62.01221781951124,-2.180627240828949,44.48424068767908,67.93916621709826,1397,631,766,42.31,46.21,-310.07,SMA9/SMA20,SMA/SMA
9,20,SMA,EMA,2.0,2.0,-62.131156373674735,-2.235623999121443,41.312741312741316,65.69958421567992,1296,555,741,39.1,42.91,-310.65,SMA9/EMA20,SMA/EMA
9,200,SMA,EMA,3.0,2.5,-62.16055686558657,-2.6864138060346114,34.61538461538461,64.38571658055231,495,197,298,35.53,33.89,-310.81,SMA9/EMA200,SMA/EMA
9,20,EMA,EMA,3.0,3.0,-62.3680072846516,-1.8969124899304433,31.496062992125985,71.71511199578079,1398,632,766,32.28,30.94,-311.84,EMA9/EMA20,EMA/EMA
9,200,EMA,EMA,2.5,2.5,-62.56981243875629,-2.8715716006112197,37.45454545454546,63.744094991863506,551,241,310,41.49,34.19,-312.84000000000003,EMA9/EMA200,EMA/EMA
9,20,SMA,EMA,1.5,2.0,-62.66709484155285,-2.5265797113972552,45.86872586872587,65.3183411809749,1296,556,740,43.17,47.84,-313.34000000000003,SMA9/EMA20,SMA/EMA
9,200,SMA,EMA,2.5,2.5,-62.685898654121615,-2.909573414507574,37.449392712550605,63.876878901219115,495,197,298,38.58,36.58,-313.43,SMA9/EMA200,SMA/EMA
20,200,EMA,EMA,3.0,2.5,-62.74445336312714,-2.9951261418723156,39.20454545454545,66.1614962987737,352,137,215,42.34,37.21,-313.72,EMA20/EMA200,EMA/EMA
9,20,SMA,SMA,1.5,2.5,-62.75334772531752,-2.1965715523486766,44.800569800569804,68.45346711068375,1405,633,772,42.5,46.63,-313.77,SMA9/SMA20,SMA/SMA
9,200,EMA,EMA,2.0,2.5,-62.94257913266156,-3.1529702445175283,41.77215189873418,63.83686222176509,554,242,312,45.04,39.1,-314.71,EMA9/EMA200,EMA/EMA
9,200,EMA,EMA,1.5,2.5,-62.98848039856594,-3.4042993322023576,46.48648648648649,63.78327800248458,556,243,313,48.56,44.73,-314.94,EMA9/EMA200,EMA/EMA
9,200,EMA,EMA,1.5,2.0,-63.10668209525563,-3.462121387624041,45.84837545126354,63.89894139687497,555,239,316,47.7,44.3,-315.53,EMA9/EMA200,EMA/EMA
12,20,SMA,SMA,1.5,3.0,-63.29469179829166,-2.315999660306159,45.91977869986169,69.10588580722589,1447,636,811,44.81,46.73,-316.47,SMA12/SMA20,SMA/SMA
9,20,EMA,SMA,1.5,3.0,-63.29609150962639,-2.219472635225478,42.49512670565302,73.4722796406707,1539,739,800,41.81,43.12,-316.48,EMA9/SMA20,EMA/SMA
9,200,EMA,EMA,2.0,2.0,-63.30665283959809,-3.244116287980926,41.01633393829401,64.19214997027058,552,238,314,43.7,38.85,-316.53000000000003,EMA9/EMA200,EMA/EMA
9,20,SMA,SMA,1.5,3.0,-63.377981760928606,-2.2169721976861325,44.837340876944836,69.55082973866482,1415,638,777,42.48,46.72,-316.89,SMA9/SMA20,SMA/SMA
12,20,SMA,SMA,1.5,2.0,-63.48326483595231,-2.4105590213709918,45.372303409881695,69.21409531946291,1438,629,809,44.2,46.23,-317.41999999999996,SMA12/SMA20,SMA/SMA
9,20,EMA,EMA,2.0,1.5,-63.77050218824495,-2.48261335079355,36.49068322981366,72.65452725917851,1288,574,714,36.06,36.83,-318.85,EMA9/EMA20,EMA/EMA
12,20,SMA,SMA,1.5,2.5,-63.777629055975694,-2.382143956659361,45.66273421235253,69.20477662282394,1442,635,807,44.57,46.47,-318.89,SMA12/SMA20,SMA/SMA
9,200,EMA,EMA,2.5,2.0,-63.885815710594166,-3.042568359571176,36.67883211678832,65.01881181063663,549,237,312,40.08,33.97,-319.42999999999995,EMA9/EMA200,EMA/EMA
12,200,SMA,EMA,2.5,2.5,-64.10553743292976,-3.231867637283702,39.95381062355658,66.47394395894443,433,167,266,38.32,40.98,-320.52,SMA12/EMA200,SMA/EMA
12,20,EMA,SMA,2.0,2.5,-64.47506999037041,-2.1565511777872417,38.60222077073808,74.44384706392876,1531,728,803,38.19,38.98,-322.38,EMA12/SMA20,EMA/SMA
9,20,SMA,SMA,1.5,1.5,-64.62961728411194,-2.4764199245160867,43.27062228654125,67.97810180832991,1383,628,755,41.56,44.64,-323.15,SMA9/SMA20,SMA/SMA
12,20,SMA,SMA,2.5,1.5,-64.65270839113708,-2.195511861041953,38.4184744576627,70.63244974302964,1430,631,799,38.67,38.17,-323.26,SMA12/SMA20,SMA/SMA
9,20,EMA,EMA,3.0,2.5,-64.6669773398442,-2.066108699587726,31.44927536231884,73.44305957028311,1381,623,758,32.42,30.74,-323.33,EMA9/EMA20,EMA/EMA
9,200,EMA,EMA,3.0,2.0,-64.8272449232113,-2.9247431780437623,33.51648351648351,66.47570187113382,547,236,311,36.44,31.19,-324.13,EMA9/EMA200,EMA/EMA
12,20,SMA,SMA,2.0,1.5,-65.01835385262187,-2.399424676145814,40.20979020979021,71.60648209976918,1431,632,799,40.19,40.18,-325.09999999999997,SMA12/SMA20,SMA/SMA
12,200,EMA,EMA,2.5,3.0,-65.16812056326548,-3.154455116454545,39.48497854077253,65.95367689215568,467,192,275,41.15,38.18,-325.84000000000003,EMA12/EMA200,EMA/EMA
12,200,SMA,EMA,2.0,2.5,-65.2818699585877,-3.5895681877451127,44.00921658986175,67.28051728607961,434,167,267,43.71,44.19,-326.40999999999997,SMA12/EMA200,SMA/EMA
12,20,EMA,SMA,2.5,2.5,-65.35759874990137,-2.0596062042543593,36.12565445026178,73.62518277385252,1529,726,803,36.36,35.99,-326.79,EMA12/SMA20,EMA/SMA
12,200,SMA,EMA,2.5,3.0,-65.40517039054667,-3.2528813912914756,40.689655172413794,67.57040943282946,435,167,268,38.92,41.79,-327.02,SMA12/EMA200,SMA/EMA
12,200,SMA,EMA,1.5,2.5,-65.59450928992747,-3.971601061999242,49.88505747126437,67.46953683546127,435,167,268,52.1,48.51,-327.98,SMA12/EMA200,SMA/EMA
12,200,EMA,EMA,3.0,3.0,-65.70999258038619,-2.9840701356917987,35.6989247311828,66.77955806789674,466,191,275,38.22,33.82,-328.54999999999995,EMA12/EMA200,EMA/EMA
9,20,EMA,EMA,3.0,2.0,-65.88649973155357,-2.205998768451439,31.086142322097377,74.36058105582143,1336,594,742,31.99,30.46,-329.43,EMA9/EMA20,EMA/EMA
9,200,EMA,EMA,3.0,2.5,-65.92301693434088,-2.9778288790065823,33.820840950639855,67.52011785453287,548,238,310,36.97,31.29,-329.61,EMA9/EMA200,EMA/EMA
12,200,SMA,EMA,2.0,3.0,-66.21650795365642,-3.5670161264868008,44.827586206896555,68.04565643282054,435,167,268,44.31,45.15,-331.08000000000004,SMA12/EMA200,SMA/EMA
12,20,EMA,SMA,3.0,2.5,-66.43076758998187,-2.002409325756752,34.577603143418465,75.02460236326904,1528,726,802,34.99,34.29,-332.15,EMA12/SMA20,EMA/SMA
12,200,SMA,EMA,1.5,3.0,-66.58096124588127,-3.96200073568644,50.57471264367817,68.28741074089866,435,166,269,53.01,49.07,-332.9,SMA12/EMA200,SMA/EMA
9,200,EMA,EMA,1.5,3.0,-66.58264739048951,-3.736991923661067,46.017699115044245,67.3002626645816,566,248,318,47.98,44.34,-332.90999999999997,EMA9/EMA200,EMA/EMA
12,200,SMA,EMA,3.0,2.5,-66.8907930377334,-3.2643811326017813,35.33487297921478,69.18476176064442,433,167,266,36.53,34.59,-334.46,SMA12/EMA200,SMA/EMA
9,20,EMA,EMA,3.0,1.5,-66.94298966181235,-2.359348801849371,30.877742946708466,73.92373874648494,1277,567,710,32.1,30.0,-334.71,EMA9/EMA20,EMA/EMA
12,20,SMA,SMA,3.0,2.0,-67.27793140217995,-2.1335079657057183,37.8397212543554,74.10297942212853,1436,627,809,37.64,37.95,-336.39,SMA12/SMA20,SMA/SMA
9,200,EMA,EMA,2.0,3.0,-67.4307445193268,-3.564980955512179,41.312056737588655,68.21671757733661,565,246,319,44.31,38.87,-337.15999999999997,EMA9/EMA200,EMA/EMA
12,20,SMA,SMA,1.5,1.5,-67.43970458990741,-2.876101627997024,44.033496161898114,71.25985858001481,1434,633,801,43.44,44.44,-337.2,SMA12/SMA20,SMA/SMA
12,20,SMA,SMA,3.0,3.0,-67.48489137537979,-2.0771209444948386,38.46153846153847,74.31412961894539,1444,634,810,38.49,38.4,-337.41999999999996,SMA12/SMA20,SMA/SMA
9,20,EMA,EMA,2.0,3.0,-67.50306377882667,-2.580287012402035,36.714285714285715,75.585452880014,1400,633,767,36.02,37.29,-337.52,EMA9/EMA20,EMA/EMA
9,20,EMA,EMA,2.0,2.5,-67.55006499754688,-2.6149726899226327,36.731742588575564,75.62076431556972,1383,623,760,36.12,37.24,-337.75,EMA9/EMA20,EMA/EMA
9,20,EMA,EMA,2.0,2.0,-67.5529953533979,-2.6765607510727354,36.51266766020864,75.62296585575542,1342,599,743,35.89,37.01,-337.76,EMA9/EMA20,EMA/EMA
9,200,EMA,EMA,2.5,3.0,-67.70691597819362,-3.311989875969211,37.05673758865248,68.72003420237552,565,246,319,40.65,34.17,-338.54,EMA9/EMA200,EMA/EMA
12,20,SMA,SMA,3.0,1.5,-67.75335325215491,-2.2733741337537943,36.76470588235294,73.10821132994667,1429,630,799,36.83,36.67,-338.77,SMA12/SMA20,SMA/SMA
12,200,SMA,EMA,3.0,3.0,-68.29114318768632,-3.315246336487252,36.0919540229885,70.38084978635537,435,167,268,37.13,35.45,-341.45000000000005,SMA12/EMA200,SMA/EMA
12,20,EMA,SMA,3.0,2.0,-69.0159998019855,-2.227802111871725,33.891493636972534,77.06620449977629,1494,710,784,34.37,33.55,-345.08000000000004,EMA12/SMA20,EMA/SMA
9,20,EMA,EMA,2.5,3.0,-69.03507914991894,-2.5056541079624046,33.23802716225875,74.72638461715168,1400,633,767,33.81,32.86,-345.18,EMA9/EMA20,EMA/EMA
9,20,EMA,EMA,2.5,2.5,-69.19000097657596,-2.5468595679112784,33.28509406657019,74.85283204714209,1383,623,760,34.03,32.76,-345.95,EMA9/EMA20,EMA/EMA
9,200,EMA,EMA,3.0,3.0,-69.42779999744259,-3.2693139549282875,33.687943262411345,70.8606407117248,565,246,319,36.59,31.35,-347.14000000000004,EMA9/EMA200,EMA/EMA
9,20,EMA,EMA,2.5,1.5,-69.43384337594613,-2.732893284901118,32.734375,74.62912971438584,1281,569,712,33.57,32.16,-347.15999999999997,EMA9/EMA20,EMA/EMA
12,20,SMA,SMA,3.0,2.5,-69.50986917743853,-2.2425081389308414,38.108484005563284,75.32985400577417,1439,632,807,38.13,38.04,-347.54999999999995,SMA12/SMA20,SMA/SMA
12,20,EMA,SMA,1.5,2.5,-69.66639517555183,-2.7666899322889296,42.79191128506197,77.11972193725927,1533,730,803,42.19,43.34,-348.33,EMA12/SMA20,EMA/SMA
12,20,EMA,SMA,2.5,2.0,-70.15925734927755,-2.440808536126397,35.31772575250836,77.52301927690313,1496,710,786,35.63,35.11,-350.8,EMA12/SMA20,EMA/SMA
12,20,EMA,SMA,2.0,3.0,-70.22489357915713,-2.558363387496753,38.51132686084142,78.58019218693471,1545,737,808,38.13,38.86,-351.12,EMA12/SMA20,EMA/SMA
12,20,EMA,SMA,2.0,2.0,-70.51607664017425,-2.644858222166313,37.78371161548731,78.6139432994005,1498,712,786,37.5,38.04,-352.58,EMA12/SMA20,EMA/SMA
9,20,EMA,EMA,2.5,2.0,-70.96124871953916,-2.7567382821888486,32.834704562453254,75.92122643387356,1338,595,743,33.45,32.44,-354.79999999999995,EMA9/EMA20,EMA/EMA
12,20,EMA,SMA,2.5,3.0,-70.99333286825392,-2.441461599578917,36.057068741893644,77.91218332806028,1543,735,808,36.33,35.89,-354.97,EMA12/SMA20,EMA/SMA
12,20,EMA,SMA,2.0,1.5,-71.01691791421088,-2.7782829054883758,37.24832214765101,78.33999526535848,1490,704,786,37.64,36.9,-355.08000000000004,EMA12/SMA20,EMA/SMA
9,12,EMA,EMA,3.0,1.5,-71.56177809277982,-2.504658479393742,31.021671826625386,78.30450506794422,1616,771,845,33.2,29.11,-357.81,EMA9/EMA12,EMA/EMA
12,20,EMA,SMA,3.0,3.0,-71.66833253979713,-2.362036437204053,34.5230369889682,78.7437669260508,1542,735,807,34.97,34.2,-358.34000000000003,EMA12/SMA20,EMA/SMA
12,20,EMA,SMA,2.5,1.5,-71.6929290251604,-2.643296432602798,34.79138627187079,78.1728367601741,1487,703,784,35.7,34.06,-358.47,EMA12/SMA20,EMA/SMA
12,20,EMA,SMA,3.0,1.5,-72.43353675842211,-2.552339617448444,33.42318059299191,78.68758674019435,1485,703,782,34.42,32.61,-362.17,EMA12/SMA20,EMA/SMA
12,20,EMA,SMA,1.5,1.5,-73.22736416168118,-3.2478654287789155,41.43239625167336,79.5165664584366,1494,706,788,41.5,41.37,-366.14,EMA12/SMA20,EMA/SMA
12,20,EMA,SMA,1.5,2.0,-73.43043971443532,-3.166875732067295,42.09472981987992,79.95333690882819,1499,713,786,41.65,42.49,-367.15,EMA12/SMA20,EMA/SMA
9,12,EMA,EMA,2.0,1.5,-73.87981028408714,-3.0411726397230545,34.79333744602097,77.93288674054423,1621,774,847,35.79,33.88,-369.4,EMA9/EMA12,EMA/EMA
12,20,EMA,SMA,1.5,3.0,-73.95535090933863,-3.1327287851894425,42.755498059508405,80.18933969874365,1546,738,808,42.14,43.32,-369.78,EMA12/SMA20,EMA/SMA
9,12,EMA,EMA,1.5,1.5,-75.70038178613333,-3.5478718031858842,39.01538461538461,79.9973443846938,1625,776,849,39.82,38.28,-378.5,EMA9/EMA12,EMA/EMA
9,12,EMA,EMA,2.5,1.5,-76.18889872080607,-3.0702986522531273,32.363861386138616,78.9513787444112,1617,772,845,34.33,30.65,-380.95,EMA9/EMA12,EMA/EMA
12,20,SMA,EMA,3.0,2.0,-76.23518913342983,-2.756435045352041,38.3728813559322,82.97164108553996,1475,594,881,39.9,37.34,-381.18,SMA12/EMA20,SMA/EMA
12,20,SMA,EMA,1.5,2.0,-77.39527762659225,-3.6288444098132473,46.369863013698634,82.00394771936496,1460,584,876,46.23,46.46,-386.98,SMA12/EMA20,SMA/EMA
12,20,SMA,EMA,3.0,2.5,-77.99648153760856,-2.8940348397546756,39.06567366283006,84.31148931594592,1477,600,877,40.5,38.08,-389.98,SMA12/EMA20,SMA/EMA
12,20,SMA,EMA,3.0,3.0,-78.2826376962098,-2.8900289474094514,39.106901217861974,84.50445847524165,1478,600,878,40.5,38.15,-391.41999999999996,SMA12/EMA20,SMA/EMA
9,12,EMA,EMA,3.0,2.5,-78.68516727054671,-2.9775242539826055,31.47295742232451,82.46358778671032,1739,837,902,33.21,29.93,-393.43,EMA9/EMA12,EMA/EMA
9,12,EMA,EMA,3.0,3.0,-78.82444523813959,-2.95524276723139,31.569965870307165,82.57817634027485,1759,847,912,33.41,29.93,-394.12,EMA9/EMA12,EMA/EMA
12,20,SMA,EMA,3.0,1.5,-79.22175520782922,-3.191595674234066,36.63500678426052,84.3789364195252,1474,594,880,37.37,36.14,-396.1,SMA12/EMA20,SMA/EMA
9,12,EMA,EMA,2.0,2.0,-79.39737598597397,-3.507241210900879,34.964622641509436,83.10441411963059,1696,814,882,35.75,34.24,-396.98,EMA9/EMA12,EMA/EMA
9,12,EMA,EMA,3.0,2.0,-79.7872155019087,-3.1660659259432298,31.183431952662723,84.71294175400861,1691,810,881,33.21,29.4,-398.94,EMA9/EMA12,EMA/EMA
9,12,EMA,EMA,2.0,2.5,-79.81107424887813,-3.4845447188987007,35.28399311531842,83.21394821290347,1743,840,903,36.07,34.55,-399.06,EMA9/EMA12,EMA/EMA
12,20,SMA,EMA,1.5,2.5,-79.95229838275748,-3.9189548220302055,46.954140999315534,84.08874515447108,1461,588,873,46.43,47.31,-399.76,SMA12/EMA20,SMA/EMA
12,20,SMA,EMA,1.5,3.0,-80.03324301303283,-3.8703578899986817,47.02665755297335,83.78909537208366,1463,589,874,46.69,47.25,-400.16,SMA12/EMA20,SMA/EMA
9,12,EMA,EMA,2.0,3.0,-80.16263374732473,-3.4922688361894276,35.340909090909086,83.506251826276,1760,848,912,36.2,34.54,-400.81,EMA9/EMA12,EMA/EMA
12,20,SMA,EMA,2.0,2.0,-80.62964025087565,-3.6906450901587387,42.244897959183675,85.40918933227668,1470,589,881,43.29,41.54,-403.15,SMA12/EMA20,SMA/EMA
12,20,SMA,EMA,2.0,2.5,-81.56905663761155,-3.784605090631992,42.895989123045545,86.16623663408572,1471,595,876,43.7,42.35,-407.84,SMA12/EMA20,SMA/EMA
12,20,SMA,EMA,2.0,3.0,-81.76555393335816,-3.7592393315630597,42.934782608695656,86.41912909648529,1472,595,877,43.7,42.42,-408.83,SMA12/EMA20,SMA/EMA
12,20,SMA,EMA,1.5,1.5,-82.156904336714,-4.438789921112005,44.27690198766278,85.4406326587367,1459,583,876,43.4,44.86,-410.78,SMA12/EMA20,SMA/EMA
9,12,EMA,EMA,2.5,2.5,-82.29906738084601,-3.5596430918965978,32.758620689655174,84.14290784169543,1741,838,903,34.25,31.45,-411.49,EMA9/EMA12,EMA/EMA
9,12,EMA,EMA,2.5,3.0,-82.37752899567204,-3.5268376178931633,32.8782707622298,84.21319640128478,1759,847,912,34.47,31.47,-411.89,EMA9/EMA12,EMA/EMA
9,12,EMA,EMA,2.5,2.0,-82.40706853068453,-3.650144383913012,32.46599645180367,84.45534872134185,1692,811,881,34.16,30.99,-412.03,EMA9/EMA12,EMA/EMA
9,12,EMA,EMA,1.5,2.0,-83.07016725743817,-4.3571028308895245,38.928150765606595,86.30774197382934,1698,815,883,39.75,38.17,-415.35,EMA9/EMA12,EMA/EMA
12,20,SMA,EMA,2.0,1.5,-83.0860941062432,-4.203592871871317,40.36759700476515,87.11504411447865,1469,589,880,40.58,40.23,-415.43,SMA12/EMA20,SMA/EMA
9,12,EMA,EMA,1.5,2.5,-83.31218356271381,-4.312374961883742,39.22018348623853,86.31620530305693,1744,840,904,40.0,38.5,-416.56,EMA9/EMA12,EMA/EMA
9,12,EMA,EMA,1.5,3.0,-83.34791714417635,-4.281838374993774,39.29585462805224,86.23163240801642,1761,848,913,40.09,38.55,-416.73,EMA9/EMA12,EMA/EMA
12,20,SMA,EMA,2.5,2.0,-83.66323708140409,-3.7795277926410344,39.33423913043478,87.33915518446031,1472,594,878,41.25,38.04,-418.31,SMA12/EMA20,SMA/EMA
12,20,SMA,EMA,2.5,2.5,-84.96349252461411,-3.929747944466588,40.027137042062414,88.38832969605225,1474,600,874,41.83,38.79,-424.82000000000005,SMA12/EMA20,SMA/EMA
12,20,SMA,EMA,2.5,3.0,-85.15904257836038,-3.914025190016976,40.067796610169495,88.62760569966252,1475,600,875,41.83,38.86,-425.8,SMA12/EMA20,SMA/EMA
12,20,SMA,EMA,2.5,1.5,-85.20932735697464,-4.206467213964612,37.55102040816327,88.2769620334129,1470,594,876,38.72,36.76,-426.05,SMA12/EMA20,SMA/EMA
9,12,EMA,SMA,2.5,2.0,-93.1693882457063,-4.885437949142707,33.666904932094354,93.7303565808221,2798,1526,1272,34.53,32.63,-465.84,EMA9/SMA12,EMA/SMA
9,12,EMA,SMA,3.0,2.0,-93.26047713852726,-4.75277848005189,33.38098641887062,93.93672051048215,2798,1526,1272,34.27,32.31,-466.3,EMA9/SMA12,EMA/SMA
9,12,EMA,SMA,2.5,1.5,-93.76770844049528,-5.250995146735316,33.28418724659049,94.25619780255653,2713,1498,1215,33.98,32.43,-468.84000000000003,EMA9/SMA12,EMA/SMA
9,12,EMA,SMA,1.5,2.0,-93.84966074650046,-5.687872434663011,37.152034261241965,94.8960488656735,2802,1528,1274,36.98,37.36,-469.24,EMA9/SMA12,EMA/SMA
9,12,EMA,SMA,2.0,2.0,-93.97743968712138,-5.351663176169875,34.47659878528046,94.91630102692386,2799,1527,1272,35.1,33.73,-469.89,EMA9/SMA12,EMA/SMA
9,12,EMA,SMA,1.5,1.5,-94.17224792080269,-6.018772579361456,36.727941176470594,95.11168030212899,2720,1501,1219,36.51,37.0,-470.86,EMA9/SMA12,EMA/SMA
9,12,EMA,SMA,3.0,1.5,-94.1784292252184,-5.220037815532464,32.98931072613343,94.63324372751131,2713,1498,1215,33.71,32.1,-470.9,EMA9/SMA12,EMA/SMA
9,12,SMA,SMA,1.5,2.0,-94.23037509247594,-6.277125684290211,38.95671476137625,94.76053568341659,2703,1329,1374,39.95,37.99,-471.15,SMA9/SMA12,SMA/SMA
9,12,EMA,SMA,2.5,3.0,-94.34759340788045,-5.080159769332216,33.7465564738292,94.87082048506402,2904,1577,1327,34.62,32.71,-471.74,EMA9/SMA12,EMA/SMA
9,12,EMA,SMA,2.0,1.5,-94.5047885847552,-5.7340233144421395,34.06998158379374,95.24033293723936,2715,1500,1215,34.6,33.42,-472.52,EMA9/SMA12,EMA/SMA
9,12,EMA,SMA,2.5,2.5,-94.56623567925774,-5.226648612473862,33.55377654020188,95.01505992650628,2873,1561,1312,34.4,32.55,-472.83,EMA9/SMA12,EMA/SMA
9,12,SMA,SMA,1.5,1.5,-94.61385046198205,-6.594755407256585,38.822652757078984,95.19332594308926,2684,1324,1360,39.88,37.79,-473.07000000000005,SMA9/SMA12,SMA/SMA
9,12,SMA,SMA,1.5,2.5,-94.6192208192896,-6.3810600296632956,39.17828319882612,95.07056317124697,2726,1336,1390,40.34,38.06,-473.1,SMA9/SMA12,SMA/SMA
9,12,EMA,SMA,3.0,3.0,-94.6454853548091,-5.016850052433443,33.47107438016529,95.24939534360017,2904,1577,1327,34.37,32.4,-473.23,EMA9/SMA12,EMA/SMA
9,12,EMA,SMA,3.0,2.5,-94.79544154891862,-5.14099004958408,33.27532196310477,95.32008213593694,2873,1561,1312,34.14,32.24,-473.98,EMA9/SMA12,EMA/SMA
9,12,EMA,SMA,2.0,3.0,-94.86185071064635,-5.497135439413362,34.50413223140496,95.98170284328631,2904,1577,1327,35.13,33.76,-474.31,EMA9/SMA12,EMA/SMA
9,12,SMA,EMA,1.5,1.5,-94.895125200974,-5.517195221929709,46.59735349716446,95.57450337603183,3174,1467,1707,47.24,46.05,-474.48,SMA9/EMA12,SMA/EMA
9,12,EMA,SMA,1.5,3.0,-95.13744857326971,-6.016398899443269,37.121212121212125,95.98871426593283,2904,1577,1327,37.03,37.23,-475.69,EMA9/SMA12,EMA/SMA
9,12,SMA,SMA,1.5,3.0,-95.19151333259744,-6.582355539950802,39.162112932604735,95.63973101184543,2745,1348,1397,40.43,37.94,-475.96,SMA9/SMA12,SMA/SMA
9,12,EMA,SMA,1.5,2.5,-95.27889066572766,-6.132750779658063,36.939130434782605,96.08413782653558,2875,1561,1314,36.84,37.06,-476.39,EMA9/SMA12,EMA/SMA
9,12,SMA,SMA,2.0,1.5,-95.28817953530961,-6.432687251886043,36.26577579806978,96.0994778919758,2694,1327,1367,37.83,34.75,-476.44000000000005,SMA9/SMA12,SMA/SMA
9,12,SMA,SMA,3.0,1.5,-95.32092819498634,-5.793295745417938,34.70828688219992,95.93341295666306,2692,1326,1366,36.8,32.72,-476.59999999999997,SMA9/SMA12,SMA/SMA
9,12,EMA,SMA,2.0,2.5,-95.3465164913193,-5.756627781743734,34.319526627218934,96.07397779781517,2873,1561,1312,34.91,33.61,-476.74,EMA9/SMA12,EMA/SMA
9,12,SMA,SMA,2.0,2.0,-95.40513148809913,-6.333137441518218,36.283185840707965,96.08686740967791,2712,1331,1381,37.72,34.9,-477.03000000000003,SMA9/SMA12,SMA/SMA
9,12,SMA,SMA,3.0,2.0,-95.52888668501124,-5.764617650316693,34.67355219476208,96.03424961460331,2712,1330,1382,36.62,32.85,-477.64,SMA9/SMA12,SMA/SMA
9,12,SMA,SMA,2.0,2.5,-95.7225276013338,-6.4215372156567945,36.48994515539306,96.299752966257,2735,1339,1396,38.09,34.96,-478.62,SMA9/SMA12,SMA/SMA
9,12,SMA,SMA,3.0,2.5,-95.74726371816828,-5.810122242007592,34.9432857665569,96.18929809351138,2734,1337,1397,37.02,33.0,-478.74,SMA9/SMA12,SMA/SMA
9,12,SMA,EMA,1.5,2.0,-95.82545478773498,-5.7138826003077705,46.78638941398866,96.4367346154649,3174,1462,1712,47.4,46.26,-479.13,SMA9/EMA12,SMA/EMA
9,12,SMA,SMA,2.0,3.0,-96.0290243331633,-6.524762459258777,36.53846153846153,96.64188543317077,2756,1353,1403,38.29,34.85,-480.15,SMA9/SMA12,SMA/SMA
9,12,SMA,SMA,3.0,3.0,-96.10879846051581,-5.937295318049661,34.967320261437905,96.5132544925505,2755,1351,1404,37.16,32.91,-480.54999999999995,SMA9/SMA12,SMA/SMA
9,12,SMA,EMA,1.5,2.5,-96.12120120821245,-5.726085236304662,46.893724377168084,96.68434049388914,3171,1464,1707,47.61,46.28,-480.61,SMA9/EMA12,SMA/EMA
9,12,SMA,SMA,2.5,1.5,-96.45242470816996,-6.703167364099936,35.14115898959881,96.89811355629536,2693,1326,1367,37.18,33.21,-482.26,SMA9/SMA12,SMA/SMA
9,12,SMA,SMA,2.5,2.0,-96.55203538950087,-6.611969340001779,35.1271654994471,96.9232202490856,2714,1331,1383,37.04,33.33,-482.76,SMA9/SMA12,SMA/SMA
9,12,SMA,SMA,2.5,2.5,-96.71096701192322,-6.642984127464848,35.39305301645338,97.03497291501202,2736,1338,1398,37.44,33.48,-483.56,SMA9/SMA12,SMA/SMA
9,12,SMA,SMA,2.5,3.0,-96.94685517382558,-6.746651026131623,35.42649727767695,97.24762350003328,2756,1351,1405,37.6,33.38,-484.74,SMA9/SMA12,SMA/SMA
9,12,SMA,EMA,1.5,3.0,-97.12312054185116,-6.03881438643159,46.91629955947136,97.47614623990606,3178,1468,1710,47.68,46.26,-485.62,SMA9/EMA12,SMA/EMA
9,12,SMA,EMA,2.0,1.5,-97.19868932781655,-6.004561904304914,44.53466583385384,97.72496470372192,3202,1477,1725,45.16,44.0,-485.99,SMA9/EMA12,SMA/EMA
9,12,SMA,EMA,3.0,1.5,-97.38788300150144,-5.752598347919064,43.53341584158416,97.96331083445139,3232,1495,1737,44.35,42.83,-486.94,SMA9/EMA12,SMA/EMA
9,12,SMA,EMA,2.0,2.0,-97.71699688901822,-6.182349042135257,44.801748360911645,98.24296383851909,3203,1474,1729,45.52,44.19,-488.58,SMA9/EMA12,SMA/EMA
9,12,SMA,EMA,2.5,1.5,-97.82698736054674,-6.193295908920021,43.4863523573201,98.29793620906032,3224,1494,1730,44.31,42.77,-489.14,SMA9/EMA12,SMA/EMA
9,12,SMA,EMA,2.0,2.5,-97.84458432568178,-6.182822316175348,44.9343339587242,98.33969821740341,3198,1475,1723,45.83,44.17,-489.23,SMA9/EMA12,SMA/EMA
9,12,SMA,EMA,3.0,2.0,-97.91472694362812,-5.942785248287105,43.7847866419295,98.40460145779625,3234,1491,1743,44.6,43.09,-489.57,SMA9/EMA12,SMA/EMA
9,12,SMA,EMA,3.0,2.5,-98.01282233179892,-5.927850645012306,43.93564356435643,98.49558333529687,3232,1494,1738,44.98,43.04,-490.07,SMA9/EMA12,SMA/EMA
9,12,SMA,EMA,2.0,3.0,-98.21062595412853,-6.286652574651357,45.0374531835206,98.61879364491745,3204,1477,1727,45.97,44.24,-491.04999999999995,SMA9/EMA12,SMA/EMA
9,12,SMA,EMA,2.5,2.0,-98.25922654245697,-6.369613733630751,43.734491315136474,98.65930710217779,3224,1488,1736,44.56,43.03,-491.28999999999996,SMA9/EMA12,SMA/EMA
9,12,SMA,EMA,2.5,2.5,-98.30736642460604,-6.312796476898483,43.899410121080415,98.71271164195471,3221,1491,1730,44.94,43.01,-491.53000000000003,SMA9/EMA12,SMA/EMA
9,12,SMA,EMA,3.0,3.0,-98.37438773398505,-6.05733249525777,44.03953057442866,98.729953237144,3238,1496,1742,45.12,43.11,-491.87,SMA9/EMA12,SMA/EMA
9,12,SMA,EMA,2.5,3.0,-98.62209208282593,-6.440301728748951,44.00371862410908,98.91855511100428,3227,1493,1734,45.08,43.08,-493.11,SMA9/EMA12,SMA/EMA
